序号,分组,名单名称,中文全名,英文名,身份确认,数据状态,EA官方匹配,官方候选,重复状态,现有球员ID,现有球员名,数据版本,来源类型,调整后OVR,评级,位置池,主位置,副位置,国籍,俱乐部,身高cm,年龄,惯用脚,传球,停球,盘带,传中,射门,远射,头球,定位球,抢断,盯人,站位,视野,决策,冷静,无球,纪律,速度,加速,力量,耐力,灵活,弹跳,投入,侵略性,守门,反应,来源ID,来源URL,数据集URL,备注
1,阿根廷,迪斯蒂法诺,阿尔弗雷多·迪斯蒂法诺,Alfredo Di Stéfano,已确认,26项已耦合回归,无结果,,可新增候选,,,YellowDogs S3 EA-derived archive,project S3 EA-derived historical profile,93,S,ATT,ST,LW,阿根廷,皇家马德里,188,31,右脚,78,90,88,67,96,88,84,77,35,33,54,76,89,96,96,71,89,91,83,80,86,80,79,68,10,10,real-att-127,,backups/player-data/S3-player-pool-700-20260725.json,EA 当前接口未收录；使用项目 S3 的 EA 派生历史档案；巅峰赛季：1957/58，年龄31岁，效力皇家马德里，惯用右脚；来源耦合回归；目标OVR 93；回归字段 0；锚点权重 80%；近邻：姆巴佩、盖德·穆勒、C罗、哈兰德、大罗
2,阿根廷,丹尼尔·帕萨雷拉,丹尼尔·帕萨雷拉,Daniel Passarella,已确认,26项已耦合回归,无结果,,可新增候选,,,YellowDogs S4 positional regression 2026-08-03,S4 same-position regression model,88,A,DEF,CB,LB,阿根廷,河床,174,25,左脚,76,74,65,60,43,48,88,49,91,90,90,60,87,80,50,66,80,71,89,77,64,89,78,86,11,11,,https://www.transfermarkt.com/daniel-passarella/profil/spieler/116735,,EA 当前接口及已下载的历史档案均未找到可靠细项，需人工补全；已人工补全/校对：身高cm。俱乐部按标准1填写（退役球员统一为“传奇球员”）。；巅峰赛季：1978，年龄25岁，效力河床，惯用左脚；同位置回归补齐；目标OVR 88；回归字段 26；锚点权重 0%；近邻：巴雷西、鲁本迪亚斯、帕乔、吕迪格、柯纳特
3,阿根廷,雷东多,费尔南多·雷东多,Fernando Redondo,已确认,26项已耦合回归,无结果,,可新增候选,,,YellowDogs S3 EA-derived archive,project S3 EA-derived historical profile,88,A,MID,DM,CB,阿根廷,皇家马德里,180,30,左脚,89,86,71,65,54,69,72,67,86,83,86,85,88,85,69,75,71,70,80,92,71,74,89,75,11,11,real-mid-133,,backups/player-data/S3-player-pool-700-20260725.json,EA 当前接口未收录；使用项目 S3 的 EA 派生历史档案；巅峰赛季：1999/00，年龄30岁，效力皇家马德里，惯用左脚；来源耦合回归；目标OVR 88；回归字段 0；锚点权重 88%；近邻：凯赛多、皮尔洛、卡塞米罗、哈维·阿隆索、基米希
4,阿根廷,奥马尔·西沃里,奥马尔·西沃里,Omar Sívori,已确认,26项已耦合回归,无结果,,可新增候选,,,YellowDogs S3 EA-derived archive,project S3 EA-derived historical profile,87,A,ATT,ST,RW,阿根廷,尤文图斯,181,25,左脚,73,85,81,64,91,83,80,71,32,30,49,70,83,89,91,66,83,85,79,75,80,77,74,65,8,8,real-att-139,,backups/player-data/S3-player-pool-700-20260725.json,EA 当前接口未收录；使用项目 S3 的 EA 派生历史档案；巅峰赛季：1960/61，年龄25岁，效力尤文图斯，惯用左脚；来源耦合回归；目标OVR 87；回归字段 0；锚点权重 88%；近邻：沃特金斯、迭戈·米利托、本泽马、希克、马科斯图拉姆
5,阿根廷,曼努埃尔·莫雷诺,何塞·曼努埃尔·莫雷诺,José Manuel Moreno,已确认,26项已耦合回归,无结果,,可新增候选,,,YellowDogs S4 positional regression 2026-08-03,S4 same-position regression model,86,A,ATT,RW,RM,阿根廷,河床,178,25,右脚,81,88,87,84,85,81,61,79,48,49,51,83,83,86,86,72,86,87,66,78,88,74,78,67,11,11,,https://www.national-football-teams.com/player/18643/Jose_Manuel_Moreno.html,,EA 当前接口及已下载的历史档案均未找到可靠细项，需人工补全；已人工补全/校对：身高cm。俱乐部按标准1填写（退役球员统一为“传奇球员”）。；巅峰赛季：1941，年龄25岁，效力河床，惯用右脚；同位置回归补齐；目标OVR 86；回归字段 26；锚点权重 0%；近邻：卡纳里奥、普利希奇、乔治贝斯特、阿斯帕斯、罗德里戈
6,阿根廷,阿道夫·佩德内拉,阿道夫·佩德内拉,Adolfo Pedernera,已确认,26项已耦合回归,无结果,,可新增候选,,,YellowDogs S4 positional regression 2026-08-03,S4 same-position regression model,86,A,ATT,ST,AM,阿根廷,河床,175,27,左脚,75,86,84,74,88,81,82,72,34,39,44,70,86,85,88,68,85,83,78,78,80,86,78,71,10,10,,https://www.national-football-teams.com/player/43892/Adolfo_Pedernera.html,,EA 当前接口及已下载的历史档案均未找到可靠细项，需人工补全；巅峰赛季：1946，年龄27岁，效力河床，惯用左脚；同位置回归补齐；目标OVR 86；回归字段 26；锚点权重 0%；近邻：卢克曼、阿约塞、马尔穆什、罗马里奥、大卫·比利亚
7,阿根廷,乌巴尔多·菲洛尔,乌巴尔多·菲洛尔,Ubaldo Fillol,已确认,26项已耦合回归,无结果,,可新增候选,,,YellowDogs S4 positional regression 2026-08-03,S4 same-position regression model,85,B,GK,GK,,阿根廷,河床,181,27,右脚,57,35,71,48,12,13,18,21,16,18,85,23,81,83,14,71,75,48,70,43,54,73,41,32,86,86,,https://www.transfermarkt.com/ubaldo-fillol/profil/spieler/135806,,EA 当前接口及已下载的历史档案均未找到可靠细项，需人工补全；巅峰赛季：1977/78，年龄27岁，效力河床，惯用右脚；同位置回归补齐；目标OVR 85；回归字段 26；锚点权重 0%；近邻：皮克福德、乌奈西蒙、德赫亚、布冯、古拉奇
8,阿根廷,奥斯卡·鲁杰里,奥斯卡·鲁杰里,Oscar Ruggeri,已确认,26项已耦合回归,无结果,,可新增候选,,,YellowDogs S4 positional regression 2026-08-03,S4 same-position regression model,87,A,DEF,CB,RB,阿根廷,河床,185,24,右脚,75,74,64,59,44,51,87,49,89,89,89,61,86,80,51,65,80,72,88,76,64,88,76,85,11,11,,https://www.transfermarkt.com/oscar-ruggeri/profil/spieler/102214,,EA 当前接口及已下载的历史档案均未找到可靠细项，需人工补全；巅峰赛季：1986，年龄24岁，效力河床，惯用右脚；同位置回归补齐；目标OVR 87；回归字段 26；锚点权重 0%；近邻：博阿滕、拉斐尔·瓦拉内、于帕梅卡诺、布雷默、伊尼戈马丁内斯
9,阿根廷,里卡多·博奇尼,里卡多·博奇尼,Ricardo Bochini,已确认,26项已耦合回归,无结果,,可新增候选,,,YellowDogs S4 positional regression 2026-08-03,S4 same-position regression model,86,A,MID,AM,ST,阿根廷,独立竞技,168,30,右脚,86,88,86,85,79,81,63,75,66,65,69,84,87,87,83,68,73,75,69,85,80,72,83,70,9,9,,https://en.wikipedia.org/wiki/Ricardo_Bochini,,EA 当前接口及已下载的历史档案均未找到可靠细项，需人工补全；巅峰赛季：1984，年龄30岁，效力独立竞技，惯用右脚；同位置回归补齐；目标OVR 86；回归字段 26；锚点权重 0%；近邻：若昂内维斯、赖因德斯、麦克托米奈、迪巴拉、奥尔莫
10,阿根廷,埃尔南·克雷斯波,埃尔南·克雷斯波,Hernán Crespo,已确认,26项已耦合回归,无结果,,可新增候选,,,FIFA historical snapshot (2010),Kaggle FIFA historical complete player archive,89,A,ATT,ST,AM,阿根廷,拉齐奥,183,25,右脚,69,88,82,61,96,75,91,76,29,28,39,86,89,96,96,74,75,75,80,56,78,82,56,61,13,13,7512,https://cdn.sofifa.com/players/007/512/12_120.png,https://www.kaggle.com/datasets/ekrembayar/fifa-21-complete-player-dataset,使用 Kaggle FIFA 历史完整球员数据库中的最后可用赛季；副位置补全为AM。；巅峰赛季：2000/01，年龄25岁，效力拉齐奥，惯用右脚；来源锚点+回归补齐；目标OVR 89；回归字段 1；锚点权重 62%；近邻：莱万多夫斯基、凯恩、克鲁伊夫、克洛泽、劳尔·冈萨雷斯
11,阿根廷,贝隆,胡安·塞巴斯蒂安·贝隆,Juan Sebastián Verón,已确认,26项已耦合回归,无结果,,可新增候选,,,YellowDogs S3 EA-derived archive,project S3 EA-derived historical profile,89,A,MID,DM,AM,阿根廷,拉齐奥,186,25,右脚,92,86,72,67,55,71,74,70,89,85,89,87,89,87,71,77,72,71,81,91,72,75,90,76,13,13,real-mid-132,,backups/player-data/S3-player-pool-700-20260725.json,EA 当前接口未收录；使用项目 S3 的 EA 派生历史档案；巅峰赛季：1999/00，年龄25岁，效力拉齐奥，惯用右脚；来源耦合回归；目标OVR 89；回归字段 0；锚点权重 78%；近邻：罗德里、基米希、卡塞米罗、凯赛多、皮尔洛
12,阿根廷,奥斯瓦尔多·阿尔迪列斯,奥斯瓦尔多·阿尔迪列斯,Osvaldo Ardiles,已确认,26项已耦合回归,无结果,,可新增候选,,,YellowDogs S4 positional regression 2026-08-03,S4 same-position regression model,87,A,MID,DM,RM,阿根廷,飓风竞技,170,25,右脚,87,86,77,76,63,75,70,70,85,83,84,86,88,86,72,68,67,67,78,88,71,75,86,81,10,10,,https://en.wikipedia.org/wiki/Osvaldo_Ardiles,,EA 当前接口及已下载的历史档案均未找到可靠细项，需人工补全；巅峰赛季：1978，年龄25岁，效力飓风竞技，惯用右脚；同位置回归补齐；目标OVR 87；回归字段 26；锚点权重 0%；近邻：哈维·阿隆索、赖斯、皮尔洛、凯赛多、恰尔汗奥卢
13,阿根廷,克劳迪奥·卡尼吉亚,克劳迪奥·卡尼吉亚,Claudio Caniggia,已确认,26项已耦合回归,无结果,,可新增候选,,,YellowDogs S3 EA-derived archive,project S3 EA-derived historical profile,89,A,ATT,ST,AM,阿根廷,亚特兰大,184,23,右脚,76,88,83,65,95,86,82,75,33,31,52,74,87,90,93,68,84,88,81,78,83,78,76,66,11,11,real-att-146,,backups/player-data/S3-player-pool-700-20260725.json,EA 当前接口未收录；使用项目 S3 的 EA 派生历史档案；巅峰赛季：1989/90，年龄23岁，效力亚特兰大，惯用右脚；来源耦合回归；目标OVR 89；回归字段 0；锚点权重 78%；近邻：莱万多夫斯基、凯恩、克洛泽、劳尔·冈萨雷斯、克鲁伊夫
14,阿根廷,豪尔赫·布鲁查加,豪尔赫·布鲁查加,Jorge Burruchaga,已确认,26项已耦合回归,无结果,,可新增候选,,,YellowDogs S4 positional regression 2026-08-03,S4 same-position regression model,87,A,MID,AM,RM,阿根廷,南特,177,23,右脚,88,88,87,86,80,82,62,77,65,64,68,86,88,88,84,69,75,76,68,85,82,71,83,69,9,9,,https://en.wikipedia.org/wiki/Jorge_Burruchaga,,EA 当前接口及已下载的历史档案均未找到可靠细项，需人工补全；巅峰赛季：1985/86，年龄23岁，效力南特，惯用右脚；同位置回归补齐；目标OVR 87；回归字段 26；锚点权重 0%；近邻：迪巴拉、麦卡利斯特、厄德高、布鲁诺费尔南德斯、巴雷拉
15,阿根廷,迭戈·西蒙尼,迭戈·西蒙尼,Diego Simeone,已确认,26项已耦合回归,无结果,,可新增候选,,,YellowDogs S3 EA-derived archive,project S3 EA-derived historical profile,87,A,MID,DM,AM,阿根廷,马德里竞技,178,26,右脚,90,83,70,65,53,69,72,68,87,83,86,85,87,85,69,75,71,69,79,90,70,73,89,74,13,13,real-mid-134,,backups/player-data/S3-player-pool-700-20260725.json,EA 当前接口未收录；使用项目 S3 的 EA 派生历史档案；巅峰赛季：1995/96，年龄26岁，效力马德里竞技，惯用右脚；来源耦合回归；目标OVR 87；回归字段 0；锚点权重 80%；近邻：赖斯、哈维·阿隆索、凯赛多、恰尔汗奥卢、皮尔洛
16,阿根廷,伊瓜因,贡萨洛·伊瓜因,Gonzalo Higuaín,已确认,26项已耦合回归,无结果,,可新增候选,,,FIFA 22 historical snapshot,Kaggle FIFA 22 complete player archive,87,A,ATT,ST,AM,阿根廷,那不勒斯,186,28,右脚,75,87,87,72,92,85,83,76,26,36,35,80,86,92,93,75,71,69,88,66,73,77,66,58,11,11,167664,https://cdn.sofifa.com/players/167/664/22_60.png,https://www.kaggle.com/datasets/cashncarry/fifa-22-complete-player-dataset,使用 Kaggle FIFA 22 完整球员数据库的历史快照；副位置补全为AM。；巅峰赛季：2015/16，年龄28岁，效力那不勒斯，惯用右脚；来源耦合回归；目标OVR 87；回归字段 0；锚点权重 75%；近邻：本泽马、希克、马科斯图拉姆、沃特金斯、迭戈·米利托
17,阿根廷,特维斯,卡洛斯·特维斯,Carlos Tévez,已确认,26项已耦合回归,无结果,,可新增候选,,,FIFA historical snapshot (2018),Kaggle FIFA historical complete player archive,86,A,ATT,ST,AM,阿根廷,曼城,170,26,右脚,78,86,85,74,90,86,76,75,49,37,45,81,84,89,88,67,78,81,86,77,84,63,77,80,11,11,143001,https://cdn.sofifa.com/players/143/001/20_120.png,https://www.kaggle.com/datasets/ekrembayar/fifa-21-complete-player-dataset,使用 Kaggle FIFA 历史完整球员数据库中的最后可用赛季；副位置补全为AM。；巅峰赛季：2009/10，年龄26岁，效力曼彻斯特城，惯用右脚；来源耦合回归；目标OVR 86；回归字段 0；锚点权重 70%；近邻：罗马里奥、卢克曼、阿约塞、马尔穆什、大卫·比利亚
18,阿根廷,帕雷德斯,莱安德罗·帕雷德斯,Leandro Paredes,已确认,26项已耦合回归,精确命中,Leandro Paredes,可新增候选,,,EA SPORTS FC official live ratings,EA official Drop API,85,B,MID,AM,DM,阿根廷,巴黎圣日耳曼,180,26,右脚,90,91,86,84,63,80,60,81,78,72,76,86,78,89,73,64,70,70,76,80,77,71,81,85,12,12,207439,https://www.ea.com/games/ea-sports-fc/ratings/player-ratings/leandro-paredes/207439,https://www.ea.com/games/ea-sports-fc/ratings,EA 官方 FC Ratings 实时接口精确命中；巅峰赛季：2020/21，年龄26岁，效力巴黎圣日耳曼，惯用右脚；来源耦合回归；目标OVR 85；回归字段 0；锚点权重 73%；近邻：德保罗、鲁伊·科斯塔、蒂勒曼斯、法布雷加斯、法比安卢伊斯
19,阿根廷,塔利亚菲科,尼古拉斯·塔利亚菲科,Nicolás Tagliafico,已确认,26项已耦合回归,精确命中,Nicolás Tagliafico,可新增候选,,,EA SPORTS FC official live ratings,EA official Drop API,86,A,DEF,LB,CB,阿根廷,阿贾克斯,172,26,左脚,78,80,77,81,58,52,81,57,86,85,86,73,82,80,74,67,88,87,85,91,83,92,91,84,13,13,211256,https://www.ea.com/games/ea-sports-fc/ratings/player-ratings/nicolas-tagliafico/211256,https://www.ea.com/games/ea-sports-fc/ratings,EA 官方 FC Ratings 实时接口精确命中；副位置补全为CB。；巅峰赛季：2018/19，年龄26岁，效力阿贾克斯，惯用左脚；来源耦合回归；目标OVR 86；回归字段 0；锚点权重 70%；近邻：马塞洛、格瓦迪奥尔、库尼亚、阿方索戴维斯、巴尔德
20,阿根廷,蒙铁尔,贡萨洛·蒙铁尔,Gonzalo Montiel,已确认,26项已耦合回归,精确命中,Gonzalo Montiel,可新增候选,,,EA SPORTS FC official live ratings,EA official Drop API,85,B,DEF,RB,RM,阿根廷,河床,175,23,右脚,79,80,79,82,64,65,73,66,85,83,84,78,83,83,80,67,91,86,82,88,85,81,88,86,13,13,231340,https://www.ea.com/games/ea-sports-fc/ratings/player-ratings/gonzalo-montiel/231340,https://www.ea.com/games/ea-sports-fc/ratings,EA 官方 FC Ratings 实时接口精确命中；副位置补全为RM。；巅峰赛季：2020/21，年龄23岁，效力河床，惯用右脚；来源耦合回归；目标OVR 85；回归字段 0；锚点权重 68%；近邻：弗林鹏、迪洛伦佐、波罗、萨内蒂、拉姆
21,阿根廷,海因策,加布里埃尔·海因策,Gabriel Heinze,已确认,26项已耦合回归,无结果,,可新增候选,,,FIFA historical snapshot (2012),Kaggle FIFA historical complete player archive,87,A,DEF,CB,LB,阿根廷,皇家马德里,178,27,左脚,74,70,61,65,42,44,87,68,92,94,94,67,87,79,49,65,65,65,90,68,69,89,69,87,16,16,8222,https://cdn.sofifa.com/players/008/222/14_120.png,https://www.kaggle.com/datasets/ekrembayar/fifa-21-complete-player-dataset,使用 Kaggle FIFA 历史完整球员数据库中的最后可用赛季；副位置补全为LB。；巅峰赛季：2004/05，年龄27岁，效力曼彻斯特联，惯用左脚；来源锚点+回归补齐；目标OVR 87；回归字段 1；锚点权重 62%；近邻：伊尼戈马丁内斯、于帕梅卡诺、布雷默、博阿滕、施罗德贝克
22,荷兰,罗本,阿尔扬·罗本,Arjen Robben,已确认,26项已耦合回归,无结果,,可新增候选,,,YellowDogs S3 EA-derived archive,project S3 EA-derived historical profile,89,A,ATT,RW,ST,荷兰,拜仁慕尼黑,180,29,左脚,82,90,93,85,85,88,62,77,39,36,51,82,83,85,89,71,93,96,65,80,93,65,76,53,10,10,real-att-082,,backups/player-data/S3-player-pool-700-20260725.json,EA 当前接口未收录；使用项目 S3 的 EA 派生历史档案；巅峰赛季：2012/13，年龄29岁，效力拜仁慕尼黑，惯用左脚；来源耦合回归；目标OVR 89；回归字段 0；锚点权重 85%；近邻：萨卡、加雷斯·贝尔、杜埃、姆伯莫、罗德里戈
23,荷兰,罗纳德·科曼,罗纳德·科曼,Ronald Koeman,已确认,26项已耦合回归,无结果,,可新增候选,,,YellowDogs S3 EA-derived archive,project S3 EA-derived historical profile,87,A,DEF,CB,RB,荷兰,巴塞罗那,183,29,右脚,66,64,47,41,35,41,86,43,93,93,91,57,82,79,44,71,71,66,87,78,61,86,80,76,9,9,real-def-130,,backups/player-data/S3-player-pool-700-20260725.json,EA 当前接口未收录；使用项目 S3 的 EA 派生历史档案；巅峰赛季：1991/92，年龄29岁，效力巴塞罗那，惯用右脚；来源耦合回归；目标OVR 87；回归字段 0；锚点权重 88%；近邻：博阿滕、拉斐尔·瓦拉内、伊尼戈马丁内斯、于帕梅卡诺、布雷默
24,荷兰,约翰·内斯肯斯,约翰·内斯肯斯,Johan Neeskens,已确认,26项已耦合回归,无结果,,可新增候选,,,YellowDogs S4 positional regression 2026-08-03,S4 same-position regression model,88,A,MID,DM,RB,荷兰,阿贾克斯,178,22,右脚,88,87,77,76,63,75,72,71,86,83,85,87,89,86,73,69,67,67,79,89,71,76,86,82,10,10,,https://en.wikipedia.org/wiki/Johan_Neeskens,,EA 当前接口及已下载的历史档案均未找到可靠细项，需人工补全；巅峰赛季：1973/74，年龄22岁，效力阿贾克斯，惯用右脚；同位置回归补齐；目标OVR 88；回归字段 26；锚点权重 0%；近邻：凯赛多、皮尔洛、卡塞米罗、基米希、哈维·阿隆索
25,荷兰,鲁德·克罗尔,鲁德·克罗尔,Ruud Krol,已确认,26项已耦合回归,无结果,,可新增候选,,,YellowDogs S4 positional regression 2026-08-03,S4 same-position regression model,86,A,DEF,LB,CB,荷兰,阿贾克斯,184,25,左脚,79,81,79,78,60,65,72,63,85,85,86,79,83,79,75,66,89,85,85,87,80,83,86,78,10,10,,https://en.wikipedia.org/wiki/Ruud_Krol,,EA 当前接口及已下载的历史档案均未找到可靠细项，需人工补全；巅峰赛季：1973/74，年龄25岁，效力阿贾克斯，惯用左脚；同位置回归补齐；目标OVR 86；回归字段 26；锚点权重 0%；近邻：格瓦迪奥尔、马塞洛、阿方索戴维斯、库尼亚、特奥
26,荷兰,斯内德,韦斯利·斯内德,Wesley Sneijder,已确认,26项已耦合回归,无结果,,可新增候选,,,FIFA historical snapshot (2017),Kaggle FIFA historical complete player archive,88,A,MID,AM,RM,荷兰,国际米兰,170,25,右脚,92,94,88,90,78,88,41,85,49,42,50,94,87,89,81,74,74,75,62,73,82,40,70,59,11,11,139869,https://cdn.sofifa.com/players/139/869/18_120.png,https://www.kaggle.com/datasets/ekrembayar/fifa-21-complete-player-dataset,使用 Kaggle FIFA 历史完整球员数据库中的最后可用赛季；副位置补全为RM。；巅峰赛季：2009/10，年龄25岁，效力国际米兰，惯用右脚；来源耦合回归；目标OVR 88；回归字段 0；锚点权重 78%；近邻：哈维巴恩斯、帕尔默、维尔茨、弗朗基德容、德布劳内
27,荷兰,范尼斯特鲁伊,鲁德·范尼斯特鲁伊,Ruud van Nistelrooy,已确认,26项已耦合回归,无结果,,可新增候选,,,FIFA historical snapshot (2011),Kaggle FIFA historical complete player archive,89,A,ATT,ST,AM,荷兰,曼联,188,26,右脚,78,87,87,66,95,75,88,86,39,27,40,84,91,94,96,69,73,69,85,66,73,63,66,74,13,13,10264,https://cdn.sofifa.com/players/010/264/12_120.png,https://www.kaggle.com/datasets/ekrembayar/fifa-21-complete-player-dataset,使用 Kaggle FIFA 历史完整球员数据库中的最后可用赛季；副位置补全为AM。；巅峰赛季：2002/03，年龄26岁，效力曼彻斯特联，惯用右脚；来源锚点+回归补齐；目标OVR 89；回归字段 1；锚点权重 62%；近邻：凯恩、克洛泽、劳尔·冈萨雷斯、莱万多夫斯基、伊萨克
28,荷兰,威廉·范哈内亨,威廉·范哈内亨,Wim van Hanegem,已确认,26项已耦合回归,无结果,,可新增候选,,,YellowDogs S4 positional regression 2026-08-03,S4 same-position regression model,85,B,MID,DM,AM,荷兰,费耶诺德,185,26,左脚,85,84,76,76,63,74,68,69,83,81,82,85,85,83,72,67,65,64,77,86,69,71,84,79,9,9,,https://en.wikipedia.org/wiki/Willem_van_Hanegem,,EA 当前接口及已下载的历史档案均未找到可靠细项，需人工补全；巅峰赛季：1969/70，年龄26岁，效力费耶诺德，惯用左脚；同位置回归补齐；目标OVR 85；回归字段 26；锚点权重 0%；近邻：扎卡、拉基蒂奇、楚阿梅尼、维埃拉、德扬·斯坦科维奇
29,荷兰,埃德加·戴维斯,埃德加·戴维斯,Edgar Davids,已确认,26项已耦合回归,无结果,,可新增候选,,,YellowDogs S3 EA-derived archive,project S3 EA-derived historical profile,89,A,MID,DM,CB,荷兰,尤文图斯,179,25,左脚,91,86,72,67,55,70,74,70,89,85,89,86,90,87,71,77,72,71,81,92,72,75,91,76,13,13,real-mid-085,https://www.transfermarkt.com/edgar-davids/profil/spieler/5758,backups/player-data/S3-player-pool-700-20260725.json,EA 当前接口未收录；使用项目 S3 的 EA 派生历史档案；巅峰赛季：1997/98，年龄25岁，效力尤文图斯，惯用左脚；来源耦合回归；目标OVR 89；回归字段 0；锚点权重 78%；近邻：基米希、罗德里、里杰卡尔德、凯赛多、皮尔洛
30,荷兰,雅普·斯塔姆,雅普·斯塔姆,Jaap Stam,已确认,26项已耦合回归,无结果,,可新增候选,,,YellowDogs S3 EA-derived archive,project S3 EA-derived historical profile,87,A,DEF,CB,DM,荷兰,曼联,189,26,右脚,67,64,47,42,35,41,86,43,93,93,91,57,82,79,44,71,71,66,87,78,61,86,80,76,9,9,real-def-129,,backups/player-data/S3-player-pool-700-20260725.json,EA 当前接口未收录；使用项目 S3 的 EA 派生历史档案；巅峰赛季：1998/99，年龄26岁，效力曼彻斯特联，惯用右脚；来源耦合回归；目标OVR 87；回归字段 0；锚点权重 88%；近邻：布雷默、施罗德贝克、于帕梅卡诺、伊尼戈马丁内斯、博阿滕
31,荷兰,克鲁伊维特,帕特里克·克鲁伊维特,Patrick Kluivert,已确认,26项已耦合回归,无结果,,可新增候选,,,FIFA historical snapshot (2007),Kaggle FIFA historical complete player archive,88,A,ATT,ST,AM,荷兰,巴塞罗那,188,22,右脚,79,90,85,71,93,82,87,79,34,40,59,73,80,88,87,58,87,90,87,81,81,87,81,79,11,11,5680,https://cdn.sofifa.com/players/005/680/08_120.png,https://www.kaggle.com/datasets/ekrembayar/fifa-21-complete-player-dataset,使用 Kaggle FIFA 历史完整球员数据库中的最后可用赛季；副位置补全为AM。；巅峰赛季：1998/99，年龄22岁，效力巴塞罗那，惯用右脚；来源锚点+回归补齐；目标OVR 88；回归字段 4；锚点权重 71%；近邻：吉拉西、哲凯赖什、奥斯梅恩、拉达梅尔·法尔考、范巴斯滕
32,荷兰,罗布·伦森布林克,罗布·伦森布林克,Rob Rensenbrink,已确认,26项已耦合回归,无结果,,可新增候选,,,YellowDogs S4 positional regression 2026-08-03,S4 same-position regression model,85,B,ATT,LW,ST,荷兰,安德莱赫特,178,28,左脚,79,86,86,82,84,80,64,77,41,44,44,82,83,84,85,72,86,90,66,80,89,77,80,63,11,11,,https://www.transfermarkt.com/rob-rensenbrink/profil/spieler/135644,,EA 当前接口及已下载的历史档案均未找到可靠细项，需人工补全；巅峰赛季：1975/76，年龄28岁，效力安德莱赫特，惯用左脚；同位置回归补齐；目标OVR 85；回归字段 26；锚点权重 0%；近邻：特罗萨德、安东尼戈登、费兰托雷斯、巴尔科拉、莱奥
33,荷兰,弗兰克·德波尔,弗兰克·德波尔,Frank de Boer,已确认,26项已耦合回归,无结果,,可新增候选,,,YellowDogs S3 EA-derived archive,project S3 EA-derived historical profile,86,A,DEF,CB,LB,荷兰,阿贾克斯,191,25,左脚,66,63,46,41,35,41,86,43,91,91,91,57,82,78,44,71,70,66,87,78,61,86,80,76,10,10,real-def-142,,backups/player-data/S3-player-pool-700-20260725.json,EA 当前接口未收录；使用项目 S3 的 EA 派生历史档案；巅峰赛季：1994/95，年龄25岁，效力阿贾克斯，惯用左脚；来源耦合回归；目标OVR 86；回归字段 0；锚点权重 88%；近邻：内斯塔、帕瓦尔、米利唐、维维安、丹尼尔·德罗西
34,荷兰,德佩,孟菲斯·德佩,Memphis Depay,已确认,26项已耦合回归,无结果,,可新增候选,,,FIFA 22 historical snapshot,Kaggle FIFA 22 complete player archive,84,B,ATT,ST,LW,荷兰,里昂,176,27,右脚,78,84,87,82,83,82,66,79,26,24,27,82,82,81,86,64,83,80,82,78,78,71,78,71,8,8,202556,https://cdn.sofifa.com/players/202/556/22_60.png,https://www.kaggle.com/datasets/cashncarry/fifa-22-complete-player-dataset,使用 Kaggle FIFA 22 完整球员数据库的历史快照；巅峰赛季：2020/21，年龄27岁，效力里昂，惯用右脚；来源耦合回归；目标OVR 84；回归字段 0；锚点权重 88%；近邻：Yoane Wissa、乔纳森戴维、阿圭罗、Jonathan Burkardt、奥雅萨瓦尔
35,荷兰,范德法特,拉斐尔·范德法特,Rafael van der Vaart,已确认,26项已耦合回归,无结果,,可新增候选,,,FIFA historical snapshot (2018),Kaggle FIFA historical complete player archive,85,B,MID,AM,LM,荷兰,汉堡,175,24,左脚,95,92,88,89,82,86,60,90,62,58,66,92,86,88,85,71,57,61,60,60,82,50,58,73,16,16,45574,https://cdn.sofifa.com/players/045/574/19_120.png,https://www.kaggle.com/datasets/ekrembayar/fifa-21-complete-player-dataset,使用 Kaggle FIFA 历史完整球员数据库中的最后可用赛季；副位置补全为LM。；巅峰赛季：2006/07，年龄24岁，效力汉堡，惯用左脚；来源耦合回归；目标OVR 85；回归字段 0；锚点权重 62%；近邻：法布雷加斯、蒂勒曼斯、奥尔莫、德保罗、鲁伊·科斯塔
36,荷兰,马克·奥维马斯,马克·奥维马斯,Marc Overmars,已确认,26项已耦合回归,无结果,,可新增候选,,,Fifa 20 FUT historical card,Kaggle FUT historical partial card archive,86,A,MID,LM,LW,荷兰,阿森纳,173,25,右脚,80,88,84,81,78,76,63,72,47,49,49,87,87,80,82,68,89,86,65,88,87,76,82,65,9,9,,,https://www.kaggle.com/datasets/mohammedessam97/fifa-1020-fut-players-dataset,使用 Kaggle FUT 历史卡面数据；仅填写可直接对应的传球、盘带、速度，其他细项不反推；副位置补全为LW。；巅峰赛季：1997/98，年龄25岁，效力阿森纳，惯用右脚；来源锚点+回归补齐；目标OVR 86；回归字段 23；锚点权重 77%；近邻：尼科威廉姆斯、路易斯迪亚斯、华金、扎卡尼、内德维德
37,荷兰,范布隆克霍斯特,乔瓦尼·范布隆克霍斯特,Giovanni van Bronckhorst,已确认,26项已耦合回归,无结果,,可新增候选,,,Fifa 10 FUT historical card,Kaggle FUT historical partial card archive,86,A,MID,DM,LB,荷兰,巴塞罗那,178,31,左脚,87,85,77,77,64,75,69,70,84,82,83,86,86,85,72,67,76,67,77,86,71,74,85,80,9,9,,,https://www.kaggle.com/datasets/mohammedessam97/fifa-1020-fut-players-dataset,使用 Kaggle FUT 历史卡面数据；仅填写可直接对应的传球、盘带、速度，其他细项不反推；副位置补全为LB。；巅峰赛季：2005/06，年龄31岁，效力巴塞罗那，惯用左脚；来源锚点+回归补齐；目标OVR 86；回归字段 23；锚点权重 64%；近邻：恰尔汗奥卢、托纳利、布斯克茨、赫拉分贝赫、德扬·斯坦科维奇
38,荷兰,菲利普·科库,菲利普·科库,Phillip Cocu,已确认,26项已耦合回归,无结果,,可新增候选,,,YellowDogs S4 positional regression 2026-08-03,S4 same-position regression model,86,A,MID,DM,LB,荷兰,巴塞罗那,182,28,左脚,87,85,77,77,64,74,69,70,84,82,83,86,86,85,72,67,66,66,78,86,71,74,85,80,9,9,,https://en.wikipedia.org/wiki/Phillip_Cocu,,EA 当前接口及已下载的历史档案均未找到可靠细项，需人工补全；巅峰赛季：1998/99，年龄28岁，效力巴塞罗那，惯用左脚；同位置回归补齐；目标OVR 86；回归字段 26；锚点权重 0%；近邻：托纳利、恰尔汗奥卢、布斯克茨、赫拉分贝赫、哈维·阿隆索
39,荷兰,库伊特,迪尔克·库伊特,Dirk Kuyt,已确认,26项已耦合回归,无结果,,可新增候选,,,FIFA historical snapshot (2015),Kaggle FIFA historical complete player archive,86,A,ATT,ST,AM,荷兰,费耶诺德,183,25,右脚,80,85,81,79,88,83,87,76,55,56,64,81,88,92,90,71,79,79,82,88,79,80,87,78,12,12,15723,https://cdn.sofifa.com/players/015/723/17_120.png,https://www.kaggle.com/datasets/ekrembayar/fifa-21-complete-player-dataset,使用 Kaggle FIFA 历史完整球员数据库中的最后可用赛季；巅峰赛季：2005/06，年龄25岁，效力费耶诺德，惯用右脚；来源耦合回归；目标OVR 86；回归字段 0；锚点权重 63%；近邻：马尔穆什、阿约塞、大卫·比利亚、卢卡库、卢克曼
40,荷兰,汉斯·范布鲁克伦,汉斯·范布鲁克伦,Hans van Breukelen,已确认,26项已耦合回归,无结果,,可新增候选,,,YellowDogs S4 positional regression 2026-08-03,S4 same-position regression model,85,B,GK,GK,,荷兰,PSV埃因霍温,188,31,右脚,56,35,71,47,12,13,18,20,16,18,85,23,81,83,14,71,74,48,70,43,54,72,41,32,86,86,,https://www.transfermarkt.com/hans-van-breukelen/profil/spieler/101051,,EA 当前接口及已下载的历史档案均未找到可靠细项，需人工补全；巅峰赛季：1987/88，年龄31岁，效力PSV埃因霍温，惯用右脚；同位置回归补齐；目标OVR 85；回归字段 26；锚点权重 0%；近邻：乌奈西蒙、皮克福德、德赫亚、布冯、古拉奇
41,荷兰,范博梅尔,马克·范博梅尔,Mark van Bommel,已确认,26项已耦合回归,无结果,,可新增候选,,,Fifa 11 FUT historical card,Kaggle FUT historical partial card archive,87,A,MID,DM,AM,荷兰,PSV埃因霍温,187,28,右脚,86,86,71,76,64,75,71,71,85,83,84,86,88,86,73,68,68,67,79,89,70,75,86,81,10,10,,,https://www.kaggle.com/datasets/mohammedessam97/fifa-1020-fut-players-dataset,使用 Kaggle FUT 历史卡面数据；仅填写可直接对应的传球、盘带、速度，其他细项不反推；副位置补全为AM。；巅峰赛季：2004/05，年龄28岁，效力PSV埃因霍温，惯用右脚；来源锚点+回归补齐；目标OVR 87；回归字段 23；锚点权重 75%；近邻：赖斯、哈维·阿隆索、卡塞米罗、布斯克茨、赫拉分贝赫
42,荷兰,约翰尼·雷普,约翰尼·雷普,Johnny Rep,已确认,26项已耦合回归,无结果,,可新增候选,,,YellowDogs S4 positional regression 2026-08-03,S4 same-position regression model,84,B,ATT,RW,ST,荷兰,阿贾克斯,180,22,右脚,80,86,85,83,83,80,58,78,45,47,48,82,82,84,84,70,84,85,65,76,87,73,76,67,10,10,,https://www.transfermarkt.com/johnny-rep/profil/spieler/135645,,EA 当前接口及已下载的历史档案均未找到可靠细项，需人工补全；巅峰赛季：1973/74，年龄22岁，效力阿贾克斯，惯用右脚；同位置回归补齐；目标OVR 84；回归字段 26；锚点权重 0%；近邻：迪马利亚、贝拉尔迪、阿斯帕斯、墨菲、萨维尼奥
43,荷兰,维纳尔杜姆,若尔日尼奥·维纳尔杜姆,Georginio Wijnaldum,已确认,26项已耦合回归,精确命中,Georginio Wijnaldum,可新增候选,,,EA SPORTS FC official live ratings,EA official Drop API,85,B,MID,AM,DM,荷兰,利物浦,175,28,右脚,86,88,86,80,77,80,76,80,76,76,80,84,85,88,85,69,74,76,74,82,88,80,82,75,12,12,181291,https://www.ea.com/games/ea-sports-fc/ratings/player-ratings/georginio-wijnaldum/181291,https://www.ea.com/games/ea-sports-fc/ratings,EA 官方 FC Ratings 实时接口精确命中；巅峰赛季：2018/19，年龄28岁，效力利物浦，惯用右脚；来源耦合回归；目标OVR 85；回归字段 0；锚点权重 73%；近邻：法布雷加斯、蒂勒曼斯、德保罗、鲁伊·科斯塔、法比安卢伊斯
44,葡萄牙,佩佩,佩佩,Pepe,已确认,26项已耦合回归,仅相似结果,Pepê | Pepelu | Nicolas Pépé | Pepe Reina | Pépé Bonet,可新增候选,,,YellowDogs S3 EA-derived archive,project S3 EA-derived historical profile,88,A,DEF,CB,RB,葡萄牙,皇家马德里,191,33,右脚,69,65,46,41,38,45,90,46,93,94,93,60,86,79,45,73,71,70,89,80,64,89,82,79,13,13,real-def-032,https://www.realmadrid.com/en-US/news/club/announcements/co-08-08-2024,backups/player-data/S3-player-pool-700-20260725.json,EA 当前接口未收录；使用项目 S3 的 EA 派生历史档案；巅峰赛季：2015/16，年龄33岁，效力皇家马德里，惯用右脚；来源耦合回归；目标OVR 88；回归字段 0；锚点权重 75%；近邻：吕迪格、巴雷西、柯纳特、帕乔、鲁本迪亚斯
45,葡萄牙,德科,德科,Deco,已确认,26项已耦合回归,无结果,,可新增候选,,,YellowDogs S3 EA-derived archive,project S3 EA-derived historical profile,87,A,MID,AM,ST,葡萄牙,波尔图,176,26,右脚,90,90,88,81,80,82,54,83,52,47,62,91,87,89,86,69,77,80,63,77,86,58,76,52,12,12,real-mid-088,https://en.wikipedia.org/wiki/Deco,backups/player-data/S3-player-pool-700-20260725.json,EA 当前接口未收录；使用项目 S3 的 EA 派生历史档案；巅峰赛季：2003/04，年龄26岁，效力波尔图，惯用右脚；来源耦合回归；目标OVR 87；回归字段 0；锚点权重 83%；近邻：迪巴拉、托马斯·穆勒、卡卡、麦卡利斯特、巴雷拉
46,葡萄牙,马里奥·科卢纳,马里奥·科卢纳,Mário Coluna,已确认,26项已耦合回归,无结果,,可新增候选,,,YellowDogs S4 positional regression 2026-08-03,S4 same-position regression model,85,B,MID,DM,AM,葡萄牙,本菲卡,172,26,右脚,86,84,76,75,63,73,67,67,83,81,83,84,85,83,71,67,66,66,77,86,70,72,85,79,9,9,,https://www.transfermarkt.com/mario-coluna/profil/spieler/115055,,EA 当前接口及已下载的历史档案均未找到可靠细项，需人工补全；巅峰赛季：1961/62，年龄26岁，效力本菲卡，惯用右脚；同位置回归补齐；目标OVR 85；回归字段 26；锚点权重 0%；近邻：坎特、德扬·斯坦科维奇、拉基蒂奇、扎卡、楚阿梅尼
47,葡萄牙,保罗·富特雷,保罗·富特雷,Paulo Futre,已确认,26项已耦合回归,无结果,,可新增候选,,,Fifa 17 FUT historical card,Kaggle FUT historical partial card archive,86,A,ATT,LW,AM,葡萄牙,波尔图,175,21,左脚,77,87,91,83,84,80,65,77,42,45,45,82,84,86,84,73,85,90,68,80,90,78,80,64,12,12,,,https://www.kaggle.com/datasets/mohammedessam97/fifa-1020-fut-players-dataset,使用 Kaggle FUT 历史卡面数据；仅填写可直接对应的传球、盘带、速度，其他细项不反推；副位置补全为AM。；巅峰赛季：1986/87，年龄21岁，效力波尔图，惯用左脚；来源锚点+回归补齐；目标OVR 86；回归字段 23；锚点权重 80%；近邻：巴尔科拉、莱奥、萨维奥、特罗萨德、孙兴慜
48,葡萄牙,费尔南多·佩罗特奥,费尔南多·佩罗特奥,Fernando Peyroteo,已确认,26项已耦合回归,无结果,,可新增候选,,,YellowDogs S4 positional regression 2026-08-03,S4 same-position regression model,86,A,ATT,ST,AM,葡萄牙,葡萄牙体育,188,29,右脚,75,86,84,75,88,80,83,73,35,38,43,69,86,85,89,68,84,82,81,79,78,87,78,72,10,10,,https://www.playmakerstats.com/player/fernando-peyroteo/29984,,EA 当前接口及已下载的历史档案均未找到可靠细项，需人工补全；副位置补全为AM。；巅峰赛季：1946/47，年龄29岁，效力葡萄牙体育，惯用右脚；同位置回归补齐；目标OVR 86；回归字段 26；锚点权重 0%；近邻：大卫·比利亚、卢卡库、马尔穆什、阿约塞、卢克曼
49,葡萄牙,若泽·阿瓜斯,若泽·阿瓜斯,José Águas,已确认,26项已耦合回归,无结果,,可新增候选,,,YellowDogs S4 positional regression 2026-08-03,S4 same-position regression model,85,B,ATT,ST,AM,葡萄牙,本菲卡,181,30,右脚,73,85,83,73,87,79,82,71,33,37,41,66,84,84,87,67,84,82,79,80,78,86,79,71,10,10,,https://en.wikipedia.org/wiki/Jos%C3%A9_%C3%81guas,,EA 当前接口及已下载的历史档案均未找到可靠细项，需人工补全；副位置补全为AM。；巅峰赛季：1960/61，年龄30岁，效力本菲卡，惯用右脚；同位置回归补齐；目标OVR 85；回归字段 26；锚点权重 0%；近邻：莫伊斯基恩、雷特吉、帕维里迪斯、奥鹏达、亨利
50,葡萄牙,费尔南多·戈麦斯,费尔南多·戈麦斯,Fernando Gomes,已确认,26项已耦合回归,无结果,,可新增候选,,,YellowDogs S4 positional regression 2026-08-03,S4 same-position regression model,87,A,ATT,ST,AM,葡萄牙,波尔图,176,30,右脚,76,87,85,75,88,82,85,75,36,40,45,72,87,87,90,68,85,83,81,80,80,87,79,72,11,11,,https://en.wikipedia.org/wiki/Fernando_Gomes_(Portuguese_footballer),,EA 当前接口及已下载的历史档案均未找到可靠细项，需人工补全；副位置补全为AM。；巅峰赛季：1986/87，年龄30岁，效力波尔图，惯用右脚；同位置回归补齐；目标OVR 87；回归字段 26；锚点权重 0%；近邻：沃特金斯、本泽马、希克、马科斯图拉姆、迭戈·米利托
51,葡萄牙,鲁伊·帕特里西奥,鲁伊·帕特里西奥,Rui Patrício,已确认,26项已耦合回归,无结果,,可新增候选,,,YellowDogs S3 EA-derived archive,project S3 EA-derived historical profile,87,A,GK,GK,,葡萄牙,葡萄牙体育,194,28,左脚,62,53,38,25,11,14,26,26,21,21,87,49,84,79,21,78,54,52,77,60,69,83,55,39,90,92,real-gk-056,https://en.wikipedia.org/wiki/Rui_Patr%C3%ADcio,backups/player-data/S3-player-pool-700-20260725.json,EA 当前接口未收录；使用项目 S3 的 EA 派生历史档案；巅峰赛季：2015/16，年龄28岁，效力葡萄牙体育，惯用左脚；来源耦合回归；目标OVR 87；回归字段 0；锚点权重 73%；近邻：科贝尔、特尔施特根、大卫拉亚、大马丁、迈尼昂
52,葡萄牙,穆蒂尼奥,若昂·穆蒂尼奥,João Moutinho,已确认,26项已耦合回归,精确命中,João Moutinho,可新增候选,,,EA SPORTS FC official live ratings,EA official Drop API,87,A,MID,AM,DM,葡萄牙,波尔图,170,25,右脚,92,89,87,86,74,80,66,85,72,73,77,85,87,93,84,73,58,64,63,82,76,65,84,73,13,13,162347,https://www.ea.com/games/ea-sports-fc/ratings/player-ratings/joao-moutinho/162347,https://www.ea.com/games/ea-sports-fc/ratings,EA 官方 FC Ratings 实时接口精确命中；巅峰赛季：2011/12，年龄25岁，效力波尔图，惯用右脚；来源耦合回归；目标OVR 87；回归字段 0；锚点权重 65%；近邻：巴雷拉、麦卡利斯特、厄德高、布鲁诺费尔南德斯、吉马良斯
53,葡萄牙,温贝托·科埃略,温贝托·科埃略,Humberto Coelho,已确认,26项已耦合回归,无结果,,可新增候选,,,YellowDogs S4 positional regression 2026-08-03,S4 same-position regression model,89,A,DEF,CB,DM,葡萄牙,本菲卡,185,26,右脚,76,74,64,60,44,48,89,50,92,92,91,60,88,81,51,67,80,71,90,78,63,90,79,86,12,12,,https://www.transfermarkt.com/humberto-coelho/profil/spieler/705270,,EA 当前接口及已下载的历史档案均未找到可靠细项，需人工补全；巅峰赛季：1975/76，年龄26岁，效力本菲卡，惯用右脚；同位置回归补齐；目标OVR 89；回归字段 26；锚点权重 0%；近邻：蒂亚戈·席尔瓦、马尔基尼奥斯、加布里埃尔、巴斯托尼、范戴克
54,葡萄牙,查拉纳,查拉纳,Chalana,已确认,26项已耦合回归,无结果,,可新增候选,,,YellowDogs S4 positional regression 2026-08-03,S4 same-position regression model,87,A,MID,LM,LW,葡萄牙,本菲卡,165,25,左脚,88,87,85,82,78,77,64,72,47,49,50,87,86,81,82,68,85,86,65,87,86,76,82,66,9,9,,https://www.transfermarkt.com/fernando-chalana/profil/spieler/106633,,EA 当前接口及已下载的历史档案均未找到可靠细项，需人工补全；巅峰赛季：1983/84，年龄25岁，效力本菲卡，惯用左脚；同位置回归补齐；目标OVR 87；回归字段 26；锚点权重 0%；近邻：尼科威廉姆斯、拉菲尼亚、路易斯迪亚斯、华金、扎卡尼
55,葡萄牙,保莱塔,保莱塔,Pauleta,已确认,26项已耦合回归,仅相似结果,Pauleta | Pauleta Sancho,可新增候选,,,Fifa 17 FUT historical card,Kaggle FUT historical partial card archive,89,A,ATT,ST,AM,葡萄牙,巴黎圣日耳曼,180,33,右脚,75,89,83,75,92,84,84,77,37,39,47,74,89,91,93,70,86,84,82,79,82,85,79,72,11,11,,,https://www.kaggle.com/datasets/mohammedessam97/fifa-1020-fut-players-dataset,使用 Kaggle FUT 历史卡面数据；仅填写可直接对应的传球、盘带、速度，其他细项不反推；副位置补全为AM。；巅峰赛季：2005/06，年龄33岁，效力巴黎圣日耳曼，惯用右脚；来源锚点+回归补齐；目标OVR 89；回归字段 23；锚点权重 80%；近邻：克鲁伊夫、莱万多夫斯基、劳塔罗马丁内斯、凯恩、克洛泽
56,葡萄牙,曼努埃尔·本托,曼努埃尔·本托,Manuel Bento,已确认,26项已耦合回归,无结果,,可新增候选,,,YellowDogs S3 EA-derived archive,project S3 EA-derived historical profile,87,A,GK,GK,,葡萄牙,本菲卡,186,35,右脚,61,53,36,24,11,14,26,25,20,20,87,50,83,79,20,77,53,52,76,60,69,83,54,38,91,91,real-gk-086,https://en.wikipedia.org/wiki/Manuel_Bento,backups/player-data/S3-player-pool-700-20260725.json,EA 当前接口未收录；使用项目 S3 的 EA 派生历史档案；巅峰赛季：1983/84，年龄35岁，效力本菲卡，惯用右脚；来源耦合回归；目标OVR 87；回归字段 0；锚点权重 78%；近邻：特尔施特根、大卫拉亚、科贝尔、埃德松、卡恩
57,葡萄牙,若昂·维埃拉·平托,若昂·维埃拉·平托,João Vieira Pinto,已确认,26项已耦合回归,无结果,,可新增候选,,,YellowDogs S4 positional regression 2026-08-03,S4 same-position regression model,86,A,ATT,ST,AM,葡萄牙,本菲卡,171,24,右脚,75,86,84,74,88,81,82,72,34,38,43,70,85,85,89,68,84,83,79,78,80,85,78,71,10,10,,https://www.transfermarkt.com/joao-pinto/profil/spieler/3628,,EA 当前接口及已下载的历史档案均未找到可靠细项，需人工补全；巅峰赛季：1995/96，年龄24岁，效力本菲卡，惯用右脚；同位置回归补齐；目标OVR 86；回归字段 26；锚点权重 0%；近邻：卢克曼、罗马里奥、阿约塞、马尔穆什、大卫·比利亚
58,葡萄牙,费尔南多·库托,费尔南多·库托,Fernando Couto,已确认,26项已耦合回归,无结果,,可新增候选,,,FIFA historical snapshot (2007),Kaggle FIFA historical complete player archive,85,B,DEF,CB,RB,葡萄牙,拉齐奥,183,30,右脚,72,76,60,64,40,68,92,57,91,94,94,57,58,78,59,49,67,65,79,66,61,87,66,75,10,10,1186,https://cdn.sofifa.com/players/001/186/08_120.png,https://www.kaggle.com/datasets/ekrembayar/fifa-21-complete-player-dataset,使用 Kaggle FIFA 历史完整球员数据库中的最后可用赛季；副位置补全为RB。；巅峰赛季：1999/00，年龄30岁，效力拉齐奥，惯用右脚；来源锚点+回归补齐；目标OVR 85；回归字段 4；锚点权重 79%；近邻：杰拉德·皮克、卡纳瓦罗、因卡皮耶、奥尔班、穆里略
59,葡萄牙,维托尔·拜亚,维托尔·拜亚,Vítor Baía,已确认,26项已耦合回归,无结果,,可新增候选,,,YellowDogs S4 positional regression 2026-08-03,S4 same-position regression model,90,S,GK,GK,,葡萄牙,波尔图,184,34,右脚,60,40,71,48,14,16,21,23,19,21,91,28,85,88,17,76,75,51,75,47,60,77,46,35,90,91,,https://www.transfermarkt.com/vitor-baia/profil/spieler/8016,,EA 当前接口及已下载的历史档案均未找到可靠细项，需人工补全；巅峰赛季：2003/04，年龄34岁，效力波尔图，惯用右脚；同位置回归补齐；目标OVR 90；回归字段 26；锚点权重 0%；近邻：儒利奥·塞萨尔、库尔图瓦、卡西利亚斯、奥布拉克、阿利松
60,葡萄牙,纳尼,纳尼,Nani,已确认,26项已耦合回归,精确命中,Nani,可新增候选,,,EA SPORTS FC official live ratings,EA official Drop API,84,B,MID,LM,LW,葡萄牙,曼联,177,24,右脚,87,89,89,86,80,83,74,83,32,45,42,88,79,85,82,70,80,82,70,77,89,81,74,69,14,14,139068,https://www.ea.com/games/ea-sports-fc/ratings/player-ratings/nani/139068,https://www.ea.com/games/ea-sports-fc/ratings,EA 官方 FC Ratings 实时接口精确命中；巅峰赛季：2010/11，年龄24岁，效力曼彻斯特联，惯用右脚；来源耦合回归；目标OVR 84；回归字段 0；锚点权重 63%；近邻：扎卡尼、内德维德、加克波、巴埃纳、格里马尔多
61,葡萄牙,保罗·索萨,保罗·索萨,Paulo Sousa,已确认,26项已耦合回归,无结果,,可新增候选,,,YellowDogs S4 positional regression 2026-08-03,S4 same-position regression model,88,A,MID,DM,CB,葡萄牙,多特蒙德,177,26,右脚,88,87,77,76,63,75,72,71,86,83,85,87,89,87,72,69,67,67,79,89,71,76,86,82,10,10,,https://en.wikipedia.org/wiki/Paulo_Sousa,,EA 当前接口及已下载的历史档案均未找到可靠细项，需人工补全；巅峰赛季：1996/97，年龄26岁，效力多特蒙德，惯用右脚；同位置回归补齐；目标OVR 88；回归字段 26；锚点权重 0%；近邻：皮尔洛、凯赛多、卡塞米罗、哈维·阿隆索、基米希
62,葡萄牙,夸雷斯马,里卡多·夸雷斯马,Ricardo Quaresma,已确认,26项已耦合回归,无结果,,可新增候选,,,FIFA 22 historical snapshot,Kaggle FIFA 22 complete player archive,86,A,ATT,RW,LW,葡萄牙,波尔图,175,24,右脚,83,92,94,89,79,86,55,87,30,39,41,89,83,90,85,73,82,83,66,67,88,73,67,73,13,13,20775,https://cdn.sofifa.com/players/020/775/22_60.png,https://www.kaggle.com/datasets/cashncarry/fifa-22-complete-player-dataset,使用 Kaggle FIFA 22 完整球员数据库的历史快照；巅峰赛季：2007/08，年龄24岁，效力波尔图，惯用右脚；来源耦合回归；目标OVR 86；回归字段 0；锚点权重 68%；近邻：卡纳里奥、乔治贝斯特、罗德里戈、阿斯帕斯、普利希奇
63,意大利,朱塞佩·梅阿查,朱塞佩·梅阿查,Giuseppe Meazza,已确认,26项已耦合回归,无结果,,可新增候选,,,YellowDogs S4 positional regression 2026-08-03,S4 same-position regression model,93,S,ATT,ST,AM,意大利,国际米兰,169,27,右脚,80,92,91,76,95,87,86,80,38,38,48,77,91,93,96,73,90,88,85,83,86,87,82,73,12,12,,https://en.wikipedia.org/wiki/Giuseppe_Meazza,,EA 当前接口及已下载的历史档案均未找到可靠细项，需人工补全；巅峰赛季：1937/38，年龄27岁，效力国际米兰，惯用右脚；同位置回归补齐；目标OVR 93；回归字段 26；锚点权重 0%；近邻：姆巴佩、C罗、盖德·穆勒、哈兰德、贝利
64,意大利,罗伯托·巴乔,罗伯托·巴乔,Roberto Baggio,已确认,26项已耦合回归,无结果,,可新增候选,,,YellowDogs S3 EA-derived archive,project S3 EA-derived historical profile,89,A,ATT,ST,LW,意大利,尤文图斯,183,27,右脚,74,86,83,64,94,84,80,73,32,31,51,72,85,91,92,67,85,86,80,76,81,77,74,65,9,9,real-att-129,,backups/player-data/S3-player-pool-700-20260725.json,EA 当前接口未收录；使用项目 S3 的 EA 派生历史档案；巅峰赛季：1993/94，年龄27岁，效力尤文图斯，惯用右脚；来源耦合回归；目标OVR 89；回归字段 0；锚点权重 88%；近邻：罗宾·范佩西、莱万多夫斯基、肯佩斯、登贝莱、凯恩
65,意大利,加埃塔诺·西雷阿,加埃塔诺·西雷阿,Gaetano Scirea,已确认,26项已耦合回归,无结果,,可新增候选,,,YellowDogs S3 EA-derived archive,project S3 EA-derived historical profile,88,A,DEF,CB,RB,意大利,尤文图斯,185,29,右脚,67,65,47,42,36,42,87,44,94,94,92,58,83,79,45,72,72,66,88,79,62,87,81,77,9,9,real-def-132,,backups/player-data/S3-player-pool-700-20260725.json,EA 当前接口未收录；使用项目 S3 的 EA 派生历史档案；巅峰赛季：1981/82，年龄29岁，效力尤文图斯，惯用右脚；来源耦合回归；目标OVR 88；回归字段 0；锚点权重 88%；近邻：巴雷西、鲁本迪亚斯、帕乔、吕迪格、柯纳特
66,意大利,迪诺·佐夫,迪诺·佐夫,Dino Zoff,已确认,26项已耦合回归,无结果,,可新增候选,,,YellowDogs S3 EA-derived archive,project S3 EA-derived historical profile,87,A,GK,GK,,意大利,尤文图斯,182,40,右脚,56,53,35,23,11,14,24,24,20,18,88,51,86,81,19,76,49,50,75,59,68,81,53,36,89,90,real-gk-049,,backups/player-data/S3-player-pool-700-20260725.json,EA 当前接口未收录；使用项目 S3 的 EA 派生历史档案；巅峰赛季：1981/82，年龄40岁，效力尤文图斯，惯用右脚；来源耦合回归；目标OVR 87；回归字段 0；锚点权重 88%；近邻：大卫拉亚、特尔施特根、科贝尔、索默、埃德松
67,意大利,詹尼·里维拉,詹尼·里维拉,Gianni Rivera,已确认,26项已耦合回归,无结果,,可新增候选,,,YellowDogs S4 positional regression 2026-08-03,S4 same-position regression model,87,A,MID,AM,RM,意大利,AC米兰,175,26,右脚,88,88,87,86,80,82,62,77,66,64,69,86,88,88,84,69,75,76,68,85,82,71,83,69,9,9,,https://www.transfermarkt.com/gianni-rivera/profil/spieler/145347,,EA 当前接口及已下载的历史档案均未找到可靠细项，需人工补全；巅峰赛季：1968/69，年龄26岁，效力AC米兰，惯用右脚；同位置回归补齐；目标OVR 87；回归字段 26；锚点权重 0%；近邻：巴雷拉、麦卡利斯特、迪巴拉、厄德高、布鲁诺费尔南德斯
68,意大利,保罗·罗西,保罗·罗西,Paolo Rossi,已确认,26项已耦合回归,无结果,,可新增候选,,,YellowDogs S3 EA-derived archive,project S3 EA-derived historical profile,86,A,ATT,ST,AM,意大利,尤文图斯,187,25,右脚,72,84,80,62,90,82,78,70,30,29,48,69,83,88,90,65,82,84,78,75,79,76,73,64,9,9,real-att-138,,backups/player-data/S3-player-pool-700-20260725.json,EA 当前接口未收录；使用项目 S3 的 EA 派生历史档案；巅峰赛季：1981/82，年龄25岁，效力尤文图斯，惯用右脚；来源耦合回归；目标OVR 86；回归字段 0；锚点权重 88%；近邻：大卫·比利亚、马尔穆什、卢卡库、阿约塞、卢克曼
69,意大利,贾琴托·法切蒂,贾琴托·法切蒂,Giacinto Facchetti,已确认,26项已耦合回归,无结果,,可新增候选,,,YellowDogs S3 EA-derived archive,project S3 EA-derived historical profile,89,A,DEF,LB,LM,意大利,国际米兰,182,22,左脚,77,75,74,83,50,60,62,59,90,89,88,72,75,74,75,71,96,87,82,88,84,69,88,70,11,11,real-def-139,,backups/player-data/S3-player-pool-700-20260725.json,EA 当前接口未收录；使用项目 S3 的 EA 派生历史档案；巅峰赛季：1964/65，年龄22岁，效力国际米兰，惯用左脚；来源耦合回归；目标OVR 89；回归字段 0；锚点权重 88%；近邻：努诺门德斯、迪马尔科、保罗马尔蒂尼、特奥、罗伯特卡洛斯
70,意大利,路易吉·里瓦,路易吉·里瓦,Luigi Riva,已确认,26项已耦合回归,无结果,,可新增候选,,,YellowDogs S4 positional regression 2026-08-03,S4 same-position regression model,86,A,ATT,ST,LW,意大利,卡利亚里,180,25,左脚,75,86,84,74,88,80,83,73,36,39,44,70,86,85,89,68,84,82,80,78,79,86,78,72,10,10,,https://en.wikipedia.org/wiki/Gigi_Riva,,EA 当前接口及已下载的历史档案均未找到可靠细项，需人工补全；巅峰赛季：1969/70，年龄25岁，效力卡利亚里，惯用左脚；同位置回归补齐；目标OVR 86；回归字段 26；锚点权重 0%；近邻：曼朱基奇、阿约塞、马尔穆什、卢克曼、大卫·比利亚
71,意大利,德尔皮耶罗,亚历山德罗·德尔·皮耶罗,Alessandro Del Piero,已确认,26项已耦合回归,无结果,,可新增候选,,,YellowDogs S3 EA-derived archive,project S3 EA-derived historical profile,89,A,ATT,ST,AM,意大利,尤文图斯,184,23,右脚,74,86,83,64,94,84,80,73,32,31,51,72,85,91,92,67,85,86,80,76,81,77,75,65,9,9,real-att-130,,backups/player-data/S3-player-pool-700-20260725.json,EA 当前接口未收录；使用项目 S3 的 EA 派生历史档案；巅峰赛季：1997/98，年龄23岁，效力尤文图斯，惯用右脚；来源耦合回归；目标OVR 89；回归字段 0；锚点权重 88%；近邻：莱万多夫斯基、凯恩、克洛泽、劳尔·冈萨雷斯、克鲁伊夫
72,附加,纳瓦斯,凯洛尔·纳瓦斯,Keylor Navas,已确认,26项已耦合回归,无结果,,可新增候选,,,YellowDogs S3 EA-derived archive,project S3 EA-derived historical profile,89,A,GK,GK,,哥斯达黎加,皇家马德里,186,30,右脚,63,55,38,25,12,16,28,27,22,22,89,52,85,81,22,79,54,53,78,62,71,85,56,40,92,94,real-gk-032,https://en.wikipedia.org/wiki/Keylor_Navas,backups/player-data/S3-player-pool-700-20260725.json,EA 当前接口未收录；使用项目 S3 的 EA 派生历史档案；已人工补全/校对：国籍、俱乐部。俱乐部按标准1填写（退役球员统一为“传奇球员”）。；巅峰赛季：2016/17，年龄30岁，效力皇家马德里，惯用右脚；来源耦合回归；目标OVR 89；回归字段 0；锚点权重 75%；近邻：奥布拉克、卡西利亚斯、阿利松、多纳鲁马、索默
73,附加,J罗,哈梅斯·罗德里格斯,James Rodríguez,已确认,26项已耦合回归,,,可新增候选,,,FIFA 22 historical snapshot,Kaggle FIFA 22 complete player archive,89,A,MID,AM,RW,哥伦比亚,皇家马德里,181,23,左脚,94,96,94,94,89,95,65,90,55,60,65,92,93,95,88,77,66,68,68,70,87,55,68,65,13,13,198710,https://cdn.sofifa.com/players/198/710/22_60.png,https://www.kaggle.com/datasets/cashncarry/fifa-22-complete-player-dataset,已人工补全/校对：位置池、主位置、副位置、国籍、俱乐部、身高cm。俱乐部按标准1填写（退役球员统一为“传奇球员”）。；巅峰赛季：2014/15，年龄23岁，效力皇家马德里，惯用左脚；来源耦合回归；目标OVR 89；回归字段 0；锚点权重 70%；近邻：贝林厄姆、佩德里、维蒂尼亚、因涅斯塔、博格巴
74,附加,古蒂,古蒂,Guti,已确认,26项已耦合回归,,,可新增候选,,,FIFA 11 FUT historical card,Kaggle FUT historical partial card archive,88,A,MID,AM,DM,西班牙,皇家马德里,183,24,左脚,91,89,89,87,80,83,63,77,67,65,70,87,88,89,85,69,75,77,70,85,82,72,83,70,9,9,,,https://www.kaggle.com/datasets/mohammedessam97/fifa-1020-fut-players-dataset,巅峰赛季：2000/01，年龄24岁，效力皇家马德里，惯用左脚；来源锚点+回归补齐；目标OVR 88；回归字段 23；锚点权重 71%；近邻：巴尔韦德、弗朗基德容、德布劳内、哈维巴恩斯、穆西亚拉
