id,name,pool,role,overall,grade,original_nationality,original_club,nationality,club,review_status,notes,database_name,database_uid,database_ca,database_pa,database_nationality,database_club
real-gk-001,阿利松,GK,GK,87,A,未登记,未登记俱乐部,,,待审阅,,,,,,,
real-gk-002,埃德森,GK,GK,86,A,未登记,未登记俱乐部,,,待审阅,,,,,,,
real-gk-003,库尔图瓦,GK,GK,90,S,比利时,皇家马德里,比利时,皇家马德里,待审阅,,,,,,,
real-gk-004,奥布拉克,GK,GK,86,A,未登记,未登记俱乐部,,,待审阅,,,,,,,
real-gk-005,特尔施特根,GK,GK,87,A,未登记,未登记俱乐部,,,待审阅,,,,,,,
real-gk-006,多纳鲁马,GK,GK,87,A,未登记,未登记俱乐部,,,待审阅,,,,,,,
real-gk-007,迈尼昂,GK,GK,85,B,未登记,未登记俱乐部,,,待审阅,,,,,,,
real-gk-008,诺伊尔,GK,GK,86,A,未登记,未登记俱乐部,,,待审阅,,,,,,,
real-gk-009,马丁内斯,GK,GK,85,B,阿根廷,未登记俱乐部,阿根廷,,待审阅,,,,,,,
real-gk-010,索默,GK,GK,84,B,未登记,未登记俱乐部,,,待审阅,,,,,,,
real-gk-011,拉亚,GK,GK,84,B,未登记,未登记俱乐部,,,待审阅,,,,,,,
real-gk-012,奥纳纳,GK,GK,83,B,未登记,未登记俱乐部,,,待审阅,,,,,,,
real-gk-013,科贝尔,GK,GK,84,B,未登记,未登记俱乐部,,,待审阅,,,,,,,
real-gk-014,迪奥戈·科斯塔,GK,GK,84,B,未登记,未登记俱乐部,,,待审阅,,,,,,,
real-gk-015,卢宁,GK,GK,81,B,未登记,未登记俱乐部,,,待审阅,,,,,,,
real-gk-016,凯莱赫,GK,GK,79,C,未登记,未登记俱乐部,,,待审阅,,,,,,,
real-gk-017,维卡里奥,GK,GK,83,B,未登记,未登记俱乐部,,,待审阅,,,,,,,
real-gk-018,波普,GK,GK,83,B,未登记,未登记俱乐部,,,待审阅,,,,,,,
real-gk-019,皮克福德,GK,GK,83,B,未登记,未登记俱乐部,,,待审阅,,,,,,,
real-gk-020,罗宾·岑特纳,GK,GK,79,C,德国,美因茨,德国,美因茨,待审阅,,,,,,,
real-gk-021,拉姆斯代尔,GK,GK,79,C,未登记,未登记俱乐部,,,待审阅,,,,,,,
real-gk-022,莱诺,GK,GK,83,B,未登记,未登记俱乐部,,,待审阅,,,,,,,
real-gk-023,若泽·萨,GK,GK,79,C,未登记,未登记俱乐部,,,待审阅,,,,,,,
real-gk-024,桑切斯,GK,GK,77,C,未登记,未登记俱乐部,,,待审阅,,,,,,,
real-gk-025,菲利普·约恩森,GK,GK,77,C,丹麦,切尔西,丹麦,切尔西,待审阅,,,,,,,
real-gk-026,帕特里克·舒尔特,GK,GK,75,C,德国,斯图加特,德国,斯图加特,待审阅,,,,,,,
real-gk-027,马马尔达什维利,GK,GK,83,B,未登记,未登记俱乐部,,,待审阅,,,,,,,
real-gk-028,西莱森,GK,GK,77,C,未登记,未登记俱乐部,,,待审阅,,,,,,,
real-gk-029,叶海瓦·迪乌夫,GK,GK,77,C,法国,兰斯,法国,兰斯,待审阅,,,,,,,
real-gk-030,维尔布鲁根,GK,GK,79,C,未登记,未登记俱乐部,,,待审阅,,,,,,,
real-gk-031,德赫亚,GK,GK,84,B,未登记,未登记俱乐部,,,待审阅,,,,,,,
real-gk-032,纳瓦斯,GK,GK,83,B,未登记,未登记俱乐部,,,待审阅,,,,,,,
real-gk-033,什琴斯尼,GK,GK,84,B,未登记,未登记俱乐部,,,待审阅,,,,,,,
real-gk-034,布冯,GK,GK,88,A,意大利,尤文图斯,意大利,尤文图斯,待审阅,,,,,,,
real-gk-035,卡西利亚斯,GK,GK,89,A,西班牙,皇家马德里,西班牙,皇家马德里,待审阅,,,,,,,
real-gk-036,切赫,GK,GK,88,A,捷克,切尔西,捷克,切尔西,待审阅,,,,,,,
real-gk-037,范德萨,GK,GK,88,A,荷兰,曼联,荷兰,曼联,待审阅,,,,,,,
real-gk-038,卡恩,GK,GK,89,A,德国,拜仁慕尼黑,德国,拜仁慕尼黑,待审阅,,,,,,,
real-gk-039,舒梅切尔,GK,GK,88,A,丹麦,曼联,丹麦,曼联,待审阅,,,,,,,
real-gk-040,巴尔德斯,GK,GK,85,B,未登记,未登记俱乐部,,,待审阅,,,,,,,
real-gk-041,迪达,GK,GK,85,B,未登记,未登记俱乐部,,,待审阅,,,,,,,
real-gk-042,塞萨尔,GK,GK,85,B,未登记,未登记俱乐部,,,待审阅,,,,,,,
real-gk-043,巴特兹,GK,GK,83,B,未登记,未登记俱乐部,,,待审阅,,,,,,,
real-gk-044,莱曼,GK,GK,84,B,未登记,未登记俱乐部,,,待审阅,,,,,,,
real-gk-045,雷纳,GK,GK,83,B,未登记,未登记俱乐部,,,待审阅,,,,,,,
real-gk-046,坎波斯,GK,GK,84,B,未登记,未登记俱乐部,,,待审阅,,,,,,,
real-gk-047,伊基塔,GK,GK,82,B,未登记,未登记俱乐部,,,待审阅,,,,,,,
real-gk-048,曾加,GK,GK,87,A,未登记,未登记俱乐部,,,待审阅,,,,,,,
real-gk-049,佐夫,GK,GK,88,A,意大利,尤文图斯,意大利,尤文图斯,待审阅,,,,,,,
real-gk-050,雅辛,GK,GK,89,A,苏联,莫斯科迪纳摩,苏联,莫斯科迪纳摩,待审阅,,,,,,,
real-gk-051,马蒂亚·佩林,GK,GK,81,B,意大利,尤文图斯,意大利,尤文图斯,待审阅,,,,,,,
real-gk-052,梅雷特,GK,GK,81,B,未登记,未登记俱乐部,,,待审阅,,,,,,,
real-gk-053,斯科鲁普斯基,GK,GK,79,C,未登记,未登记俱乐部,,,待审阅,,,,,,,
real-gk-054,塞巴斯蒂安·博尔瑙,GK,GK,79,C,德国,沃尔夫斯堡,德国,沃尔夫斯堡,待审阅,,,,,,,
real-gk-055,佩林,GK,GK,76,C,未登记,未登记俱乐部,,,待审阅,,,,,,,
real-gk-056,帕特里西奥,GK,GK,79,C,未登记,未登记俱乐部,,,待审阅,,,,,,,
real-gk-057,阿尔班·拉丰,GK,GK,77,C,法国,南特,法国,南特,待审阅,,,,,,,
real-gk-058,穆索,GK,GK,78,C,未登记,未登记俱乐部,,,待审阅,,,,,,,
real-gk-059,法尔科内,GK,GK,76,C,未登记,未登记俱乐部,,,待审阅,,,,,,,
real-gk-060,拉杜,GK,GK,75,C,未登记,未登记俱乐部,,,待审阅,,,,,,,
real-gk-061,雷米罗,GK,GK,82,B,未登记,未登记俱乐部,,,待审阅,,,,,,,
real-gk-062,乌奈·西蒙,GK,GK,84,B,未登记,未登记俱乐部,,,待审阅,,,,,,,
real-gk-063,凯帕,GK,GK,78,C,未登记,未登记俱乐部,,,待审阅,,,,,,,
real-gk-064,伊兰·梅斯利耶,GK,GK,78,C,法国,利兹联,法国,利兹联,待审阅,,,,,,,
real-gk-065,鲁利,GK,GK,78,C,阿根廷,未登记俱乐部,阿根廷,,待审阅,,,,,,,
real-gk-066,佩尼亚,GK,GK,75,C,未登记,未登记俱乐部,,,待审阅,,,,,,,
real-gk-067,德米特罗维奇,GK,GK,77,C,未登记,未登记俱乐部,,,待审阅,,,,,,,
real-gk-068,巴塔利亚,GK,GK,76,C,未登记,未登记俱乐部,,,待审阅,,,,,,,
real-gk-069,古拉奇,GK,GK,81,B,未登记,未登记俱乐部,,,待审阅,,,,,,,
real-gk-070,鲍曼,GK,GK,81,B,未登记,未登记俱乐部,,,待审阅,,,,,,,
real-gk-071,诺阿·阿特博卢,GK,GK,82,B,德国,弗赖堡,德国,弗赖堡,待审阅,,,,,,,
real-gk-072,泽特尔,GK,GK,76,C,未登记,未登记俱乐部,,,待审阅,,,,,,,
real-gk-073,努贝尔,GK,GK,81,B,未登记,未登记俱乐部,,,待审阅,,,,,,,
real-gk-074,赫拉德茨基,GK,GK,82,B,未登记,未登记俱乐部,,,待审阅,,,,,,,
real-gk-075,霍恩,GK,GK,75,C,未登记,未登记俱乐部,,,待审阅,,,,,,,
real-gk-076,穆勒,GK,GK,75,C,未登记,未登记俱乐部,,,待审阅,,,,,,,
real-gk-077,施沃洛夫,GK,GK,76,C,未登记,未登记俱乐部,,,待审阅,,,,,,,
real-gk-078,卡斯特尔斯,GK,GK,82,B,未登记,未登记俱乐部,,,待审阅,,,,,,,
real-gk-079,比佐特,GK,GK,78,C,未登记,未登记俱乐部,,,待审阅,,,,,,,
real-gk-080,曼丹达,GK,GK,81,B,未登记,未登记俱乐部,,,待审阅,,,,,,,
real-gk-081,桑巴,GK,GK,82,B,未登记,未登记俱乐部,,,待审阅,,,,,,,
real-gk-082,拉丰,GK,GK,78,C,未登记,未登记俱乐部,,,待审阅,,,,,,,
real-gk-083,洛佩斯,GK,GK,78,C,未登记,未登记俱乐部,,,待审阅,,,,,,,
real-gk-084,琼·加西亚,GK,GK,82,B,西班牙,巴塞罗那,西班牙,巴塞罗那,待审阅,,,,,,,
real-gk-085,布拉斯维奇,GK,GK,76,C,未登记,未登记俱乐部,,,待审阅,,,,,,,
real-gk-086,本托,GK,GK,81,B,未登记,未登记俱乐部,,,待审阅,,,,,,,
real-gk-087,韦弗顿,GK,GK,81,B,未登记,未登记俱乐部,,,待审阅,,,,,,,
real-gk-088,卡西奥,GK,GK,78,C,未登记,未登记俱乐部,,,待审阅,,,,,,,
real-gk-089,罗西,GK,GK,77,C,未登记,未登记俱乐部,,,待审阅,,,,,,,
real-gk-090,阿尔玛尼,GK,GK,78,C,未登记,未登记俱乐部,,,待审阅,,,,,,,
real-gk-091,马尔凯辛,GK,GK,81,B,未登记,未登记俱乐部,,,待审阅,,,,,,,
real-gk-092,奥乔亚,GK,GK,81,B,未登记,未登记俱乐部,,,待审阅,,,,,,,
real-gk-093,霍华德,GK,GK,84,B,未登记,未登记俱乐部,,,待审阅,,,,,,,
real-gk-094,弗里德尔,GK,GK,83,B,未登记,未登记俱乐部,,,待审阅,,,,,,,
real-gk-095,凯勒,GK,GK,82,B,未登记,未登记俱乐部,,,待审阅,,,,,,,
real-gk-096,博诺,GK,GK,84,B,未登记,未登记俱乐部,,,待审阅,,,,,,,
real-gk-097,穆尼尔,GK,GK,76,C,未登记,未登记俱乐部,,,待审阅,,,,,,,
real-gk-098,瓦尼亚·米林科维奇-萨维奇,GK,GK,81,B,未登记,未登记俱乐部,,,待审阅,,,,,,,
real-gk-099,塔法雷尔,GK,GK,85,B,未登记,未登记俱乐部,,,待审阅,,,,,,,
real-gk-100,奇拉维特,GK,GK,85,B,未登记,未登记俱乐部,,,待审阅,,,,,,,
real-gk-101,卢卡·齐达内,GK,GK,76,C,法国,格拉纳达,法国,格拉纳达,待审阅,,,,,,,
real-gk-102,阿尔瓦罗·瓦莱斯,GK,GK,78,C,西班牙,皇家贝蒂斯,西班牙,皇家贝蒂斯,待审阅,,,,,,,
real-gk-103,菲利普·约根森,GK,GK,78,C,丹麦,切尔西,丹麦,切尔西,待审阅,,,,,,,
real-gk-104,马德斯·赫尔曼森,GK,GK,78,C,丹麦,莱斯特城,丹麦,莱斯特城,待审阅,,,,,,,
real-gk-105,卡米尔·格拉巴拉,GK,GK,82,B,波兰,沃尔夫斯堡,波兰,沃尔夫斯堡,待审阅,,,,,,,
real-gk-106,阿图尔·博鲁茨,GK,GK,82,B,波兰,传奇球员,波兰,,待审阅,,,,,,,
real-gk-107,巴尔托沃梅伊·德龙戈夫斯基,GK,GK,78,C,波兰,帕纳辛奈科斯,波兰,帕纳辛奈科斯,待审阅,,,,,,,
real-gk-108,普雷德拉格·拉伊科维奇,GK,GK,81,B,塞尔维亚,吉达联合,塞尔维亚,吉达联合,待审阅,,,,,,,
real-gk-109,伊万·普罗维德尔,GK,GK,82,B,意大利,拉齐奥,意大利,拉齐奥,待审阅,,,,,,,
real-gk-110,马尔科·卡尔内塞基,GK,GK,82,B,意大利,亚特兰大,意大利,亚特兰大,待审阅,,,,,,,
real-gk-111,米歇尔·福尔姆,GK,GK,80,B,荷兰,传奇球员,荷兰,,待审阅,,,,,,,
real-gk-112,斯科特·卡森,GK,GK,75,C,英格兰,曼城,英格兰,曼城,待审阅,,,,,,,
real-gk-113,安东尼·洛佩斯,GK,GK,82,B,葡萄牙,南特,葡萄牙,南特,待审阅,,,,,,,
real-gk-114,耶罗恩·佐特,GK,GK,77,C,荷兰,阿尔克马尔,荷兰,阿尔克马尔,待审阅,,,,,,,
real-gk-115,马修·瑞安,GK,GK,78,C,澳大利亚,朗斯,澳大利亚,朗斯,待审阅,,,,,,,
real-gk-116,丹尼尔·巴赫曼,GK,GK,76,C,奥地利,沃特福德,奥地利,沃特福德,待审阅,,,,,,,
real-gk-117,伊沃·格尔比奇,GK,GK,76,C,克罗地亚,里泽体育,克罗地亚,里泽体育,待审阅,,,,,,,
real-gk-118,阿尔冯斯·阿雷奥拉,GK,GK,80,B,法国,西汉姆联,法国,西汉姆联,待审阅,,,,,,,
real-gk-119,保罗·伯纳多尼,GK,GK,76,C,法国,伊韦尔东,法国,伊韦尔东,待审阅,,,,,,,
real-gk-120,莱奥·雅尔丁,GK,GK,77,C,巴西,瓦斯科达伽马,巴西,瓦斯科达伽马,待审阅,,,,,,,
real-gk-121,马克·弗莱肯,GK,GK,80,B,荷兰,勒沃库森,荷兰,勒沃库森,待审阅,,,,,,,
real-gk-122,罗宾·罗夫斯,GK,GK,76,C,荷兰,奈梅亨,荷兰,奈梅亨,待审阅,,,,,,,
real-gk-123,纪尧姆·雷斯特,GK,GK,78,C,法国,图卢兹,法国,图卢兹,待审阅,,,,,,,
real-gk-124,詹姆斯·特拉福德,GK,GK,80,B,英格兰,曼城,英格兰,曼城,待审阅,,,,,,,
real-gk-125,铃木彩艳,GK,GK,82,B,日本,帕尔马,日本,帕尔马,待审阅,,,,,,,
real-gk-126,戈登·班克斯,GK,GK,89,A,英格兰,传奇球员,英格兰,,待审阅,,,,,,,
real-gk-127,彼得·希尔顿,GK,GK,88,A,英格兰,传奇球员,英格兰,,待审阅,,,,,,,
real-gk-128,大卫·希曼,GK,GK,87,A,英格兰,传奇球员,英格兰,,待审阅,,,,,,,
real-gk-129,帕特·詹宁斯,GK,GK,87,A,北爱尔兰,传奇球员,北爱尔兰,,待审阅,,,,,,,
real-gk-130,米歇尔·普雷德霍姆,GK,GK,88,A,比利时,传奇球员,比利时,,待审阅,,,,,,,
real-gk-131,让-马里·普法夫,GK,GK,88,A,比利时,传奇球员,比利时,,待审阅,,,,,,,
real-gk-132,詹卢卡·帕柳卡,GK,GK,88,A,意大利,传奇球员,意大利,,待审阅,,,,,,,
real-gk-133,安杰洛·佩鲁齐,GK,GK,87,A,意大利,传奇球员,意大利,,待审阅,,,,,,,
real-gk-134,弗朗切斯科·托尔多,GK,GK,87,A,意大利,传奇球员,意大利,,待审阅,,,,,,,
real-gk-135,克里斯蒂安·阿比亚蒂,GK,GK,84,B,意大利,传奇球员,意大利,,待审阅,,,,,,,
real-gk-136,安东尼·苏比萨雷塔,GK,GK,87,A,西班牙,传奇球员,西班牙,,待审阅,,,,,,,
real-gk-137,路易斯·阿尔科纳达,GK,GK,87,A,西班牙,传奇球员,西班牙,,待审阅,,,,,,,
real-gk-138,里卡多·萨莫拉,GK,GK,89,A,西班牙,传奇球员,西班牙,,待审阅,,,,,,,
real-gk-139,里纳特·达萨耶夫,GK,GK,88,A,俄罗斯,传奇球员,俄罗斯,,待审阅,,,,,,,
real-gk-140,内维尔·索撒尔,GK,GK,86,A,威尔士,传奇球员,威尔士,,待审阅,,,,,,,
real-gk-141,耶日·杜德克,GK,GK,83,B,波兰,传奇球员,波兰,,待审阅,,,,,,,
real-gk-142,布鲁斯·格罗贝拉,GK,GK,84,B,津巴布韦,传奇球员,津巴布韦,,待审阅,,,,,,,
real-gk-143,谢伊·吉文,GK,GK,84,B,爱尔兰,传奇球员,爱尔兰,,待审阅,,,,,,,
real-gk-144,乌戈·洛里斯,GK,GK,86,A,法国,传奇球员,法国,,待审阅,,,,,,,
real-gk-145,格雷戈里·库佩,GK,GK,84,B,法国,传奇球员,法国,,待审阅,,,,,,,
real-gk-146,塞尔希奥·戈耶切亚,GK,GK,85,B,阿根廷,传奇球员,阿根廷,,待审阅,,,,,,,
real-gk-147,王大雷,GK,GK,76,C,中国,山东泰山,中国,山东泰山,待审阅,,,,,,,
real-gk-148,颜骏凌,GK,GK,76,C,中国,上海海港,中国,上海海港,待审阅,,,,,,,
real-gk-149,赵贤祐,GK,GK,78,C,韩国,蔚山HD,韩国,蔚山HD,待审阅,,,,,,,
real-gk-150,中村航辅,GK,GK,77,C,日本,波尔蒂芒人,日本,波尔蒂芒人,待审阅,,,,,,,
real-gk-151,若安·加西亚,GK,GK,83,B,西班牙,巴塞罗那,西班牙,巴塞罗那,待审阅,,,,,,,
real-gk-152,卢卡斯·舍瓦利耶,GK,GK,83,B,法国,巴黎圣日耳曼,法国,巴黎圣日耳曼,待审阅,,,,,,,
real-gk-153,米莱·斯维拉尔,GK,GK,83,B,塞尔维亚,罗马,塞尔维亚,罗马,待审阅,,,,,,,
real-gk-154,米凯莱·迪格雷戈里奥,GK,GK,83,B,意大利,尤文图斯,意大利,尤文图斯,待审阅,,,,,,,
real-gk-155,埃利亚·卡普里莱,GK,GK,78,C,意大利,卡利亚里,意大利,卡利亚里,待审阅,,,,,,,
real-gk-156,耶万·迪乌夫,GK,GK,77,C,塞内加尔,尼斯,塞内加尔,尼斯,待审阅,,,,,,,
real-gk-157,赫罗尼莫·鲁利,GK,GK,80,B,阿根廷,马赛,阿根廷,马赛,待审阅,,,,,,,
real-gk-158,马特维·萨福诺夫,GK,GK,80,B,俄罗斯,巴黎圣日耳曼,俄罗斯,巴黎圣日耳曼,待审阅,,,,,,,
real-gk-159,卢卡斯·佩里,GK,GK,80,B,巴西,利兹联,巴西,利兹联,待审阅,,,,,,,
real-gk-160,瓦尔特·贝尼特斯,GK,GK,77,C,阿根廷,水晶宫,阿根廷,水晶宫,待审阅,,,,,,,
real-gk-161,凯文·特拉普,GK,GK,77,C,德国,巴黎FC,德国,巴黎FC,待审阅,,,,,,,
real-gk-162,让·比特兹,GK,GK,77,C,法国,科莫,法国,科莫,待审阅,,,,,,,
real-gk-163,乔治·彼得罗维奇,GK,GK,80,B,塞尔维亚,伯恩茅斯,塞尔维亚,伯恩茅斯,待审阅,,,,,,,
real-gk-164,马兹·赫尔曼森,GK,GK,77,C,丹麦,西汉姆联,丹麦,西汉姆联,待审阅,,,,,,,
real-gk-165,巴特·费布鲁亨,GK,GK,81,B,荷兰,布莱顿,荷兰,布莱顿,待审阅,,,,,,,
real-gk-166,迪恩·亨德森,GK,GK,81,B,英格兰,水晶宫,英格兰,水晶宫,待审阅,,,,,,,
real-gk-167,诺亚·阿图博卢,GK,GK,77,C,德国,弗赖堡,德国,弗赖堡,待审阅,,,,,,,
real-gk-168,罗宾·曾特纳,GK,GK,77,C,德国,美因茨,德国,美因茨,待审阅,,,,,,,
real-gk-169,芬恩·达门,GK,GK,75,C,德国,奥格斯堡,德国,奥格斯堡,待审阅,,,,,,,
real-gk-170,莫里茨·尼古拉斯,GK,GK,76,C,德国,门兴格拉德巴赫,德国,门兴格拉德巴赫,待审阅,,,,,,,
real-gk-171,戴维·索里亚,GK,GK,76,C,西班牙,赫塔费,西班牙,赫塔费,待审阅,,,,,,,
real-gk-172,塞尔希奥·埃雷拉,GK,GK,76,C,西班牙,奥萨苏纳,西班牙,奥萨苏纳,待审阅,,,,,,,
real-gk-173,奥尔扬·尼兰德,GK,GK,75,C,挪威,塞维利亚,挪威,塞维利亚,待审阅,,,,,,,
real-gk-174,布里斯·桑巴,GK,GK,79,C,法国,雷恩,法国,雷恩,待审阅,,,,,,,
real-gk-175,菲利普·科恩,GK,GK,75,C,瑞士,摩纳哥,瑞士,摩纳哥,待审阅,,,,,,,
real-def-001,范戴克,DEF,CB,87,A,荷兰,利物浦,荷兰,利物浦,待审阅,,,,,,,
real-def-002,鲁本·迪亚斯,DEF,CB,85,B,未登记,未登记俱乐部,,,待审阅,,,,,,,
real-def-003,萨利巴,DEF,CB,84,B,未登记,未登记俱乐部,,,待审阅,,,,,,,
real-def-004,吕迪格,DEF,CB,84,B,未登记,未登记俱乐部,,,待审阅,,,,,,,
real-def-005,保·托雷斯,DEF,CB,83,B,西班牙,阿斯顿维拉,西班牙,阿斯顿维拉,待审阅,,,,,,,
real-def-006,巴斯托尼,DEF,CB,84,B,未登记,未登记俱乐部,,,待审阅,,,,,,,
real-def-007,马尔基尼奥斯,DEF,CB,83,B,未登记,未登记俱乐部,,,待审阅,,,,,,,
real-def-008,米利唐,DEF,CB,82,B,未登记,未登记俱乐部,,,待审阅,,,,,,,
real-def-009,加布里埃尔,DEF,CB,83,B,未登记,未登记俱乐部,,,待审阅,,,,,,,
real-def-010,德利赫特,DEF,CB,82,B,未登记,未登记俱乐部,,,待审阅,,,,,,,
real-def-011,科纳特,DEF,CB,82,B,未登记,未登记俱乐部,,,待审阅,,,,,,,
real-def-012,金玟哉,DEF,CB,80,B,未登记,未登记俱乐部,,,待审阅,,,,,,,
real-def-013,格瓦迪奥尔,DEF,CB,83,B,未登记,未登记俱乐部,,,待审阅,,,,,,,
real-def-014,于帕梅卡诺,DEF,CB,78,C,未登记,未登记俱乐部,,,待审阅,,,,,,,
real-def-015,塔普索巴,DEF,CB,80,B,未登记,未登记俱乐部,,,待审阅,,,,,,,
real-def-016,布雷默,DEF,CB,82,B,未登记,未登记俱乐部,,,待审阅,,,,,,,
real-def-017,阿切尔比,DEF,CB,78,C,未登记,未登记俱乐部,,,待审阅,,,,,,,
real-def-018,帕瓦尔,DEF,CB,80,B,未登记,未登记俱乐部,,,待审阅,,,,,,,
real-def-019,罗梅罗,DEF,CB,82,B,阿根廷,未登记俱乐部,阿根廷,,待审阅,,,,,,,
real-def-020,利桑德罗·马丁内斯,DEF,CB,80,B,阿根廷,未登记俱乐部,阿根廷,,待审阅,,,,,,,
real-def-021,斯通斯,DEF,CB,82,B,未登记,未登记俱乐部,,,待审阅,,,,,,,
real-def-022,阿克,DEF,CB,80,B,未登记,未登记俱乐部,,,待审阅,,,,,,,
real-def-023,阿坎吉,DEF,CB,80,B,未登记,未登记俱乐部,,,待审阅,,,,,,,
real-def-024,托莫里,DEF,CB,78,C,未登记,未登记俱乐部,,,待审阅,,,,,,,
real-def-025,尼科·埃尔韦迪,DEF,CB,80,B,瑞士,门兴格拉德巴赫,瑞士,门兴格拉德巴赫,待审阅,,,,,,,
real-def-026,塔赫,DEF,CB,82,B,未登记,未登记俱乐部,,,待审阅,,,,,,,
real-def-027,约罗,DEF,CB,76,C,未登记,未登记俱乐部,,,待审阅,,,,,,,
real-def-028,克里斯·理查兹,DEF,CB,76,C,美国,水晶宫,美国,水晶宫,待审阅,,,,,,,
real-def-029,安东尼奥·席尔瓦,DEF,CB,77,C,未登记,未登记俱乐部,,,待审阅,,,,,,,
real-def-030,伊纳西奥,DEF,CB,78,C,未登记,未登记俱乐部,,,待审阅,,,,,,,
real-def-031,拉波尔特,DEF,CB,82,B,未登记,未登记俱乐部,,,待审阅,,,,,,,
real-def-032,佩佩,DEF,CB,81,B,未登记,未登记俱乐部,,,待审阅,,,,,,,
real-def-033,蒂亚戈·席尔瓦,DEF,CB,84,B,未登记,未登记俱乐部,,,待审阅,,,,,,,
real-def-034,基耶利尼,DEF,CB,85,B,未登记,未登记俱乐部,,,待审阅,,,,,,,
real-def-035,博努奇,DEF,CB,83,B,未登记,未登记俱乐部,,,待审阅,,,,,,,
real-def-036,巴尔扎利,DEF,CB,83,B,未登记,未登记俱乐部,,,待审阅,,,,,,,
real-def-037,乔纳森·塔,DEF,CB,88,A,德国,拜仁慕尼黑,德国,拜仁慕尼黑,待审阅,,,,,,,
real-def-038,皮克,DEF,CB,85,B,未登记,未登记俱乐部,,,待审阅,,,,,,,
real-def-039,普约尔,DEF,CB,87,A,西班牙,巴塞罗那,西班牙,巴塞罗那,待审阅,,,,,,,
real-def-040,卢卡斯·埃尔南德斯,DEF,CB,80,B,未登记,未登记俱乐部,,,待审阅,,,,,,,
real-def-041,费迪南德,DEF,CB,86,A,英格兰,曼联,英格兰,曼联,待审阅,,,,,,,
real-def-042,特里,DEF,CB,86,A,英格兰,切尔西,英格兰,切尔西,待审阅,,,,,,,
real-def-043,维迪奇,DEF,CB,86,A,塞尔维亚,曼联,塞尔维亚,曼联,待审阅,,,,,,,
real-def-044,卡瓦略,DEF,CB,84,B,未登记,未登记俱乐部,,,待审阅,,,,,,,
real-def-045,坎贝尔,DEF,CB,84,B,未登记,未登记俱乐部,,,待审阅,,,,,,,
real-def-046,亚当斯,DEF,CB,85,B,未登记,未登记俱乐部,,,待审阅,,,,,,,
real-def-047,内斯塔,DEF,CB,88,A,意大利,AC米兰,意大利,AC米兰,待审阅,,,,,,,
real-def-048,卡纳瓦罗,DEF,CB,88,A,意大利,帕尔马,意大利,帕尔马,待审阅,,,,,,,
real-def-049,马尔蒂尼,DEF,CB,89,A,意大利,AC米兰,意大利,AC米兰,待审阅,,,,,,,
real-def-050,巴雷西,DEF,CB,89,A,意大利,AC米兰,意大利,AC米兰,待审阅,,,,,,,
real-def-051,贝肯鲍尔,DEF,CB,95,S,德国,拜仁慕尼黑,德国,拜仁慕尼黑,待审阅,,,,,,,
real-def-052,卢西奥,DEF,CB,85,B,未登记,未登记俱乐部,,,待审阅,,,,,,,
real-def-053,萨穆埃尔,DEF,CB,84,B,未登记,未登记俱乐部,,,待审阅,,,,,,,
real-def-054,戈丁,DEF,CB,85,B,未登记,未登记俱乐部,,,待审阅,,,,,,,
real-def-055,孔帕尼,DEF,CB,85,B,未登记,未登记俱乐部,,,待审阅,,,,,,,
real-def-056,阿尔德韦雷尔德,DEF,CB,81,B,未登记,未登记俱乐部,,,待审阅,,,,,,,
real-def-057,维尔通亨,DEF,CB,81,B,未登记,未登记俱乐部,,,待审阅,,,,,,,
real-def-058,库利巴利,DEF,CB,83,B,未登记,未登记俱乐部,,,待审阅,,,,,,,
real-def-059,胡梅尔斯,DEF,CB,84,B,未登记,未登记俱乐部,,,待审阅,,,,,,,
real-def-060,博阿滕,DEF,CB,83,B,未登记,未登记俱乐部,,,待审阅,,,,,,,
real-def-061,阿什拉夫,DEF,RB,83,B,未登记,未登记俱乐部,,,待审阅,,,,,,,
real-def-062,卡瓦哈尔,DEF,RB,83,B,未登记,未登记俱乐部,,,待审阅,,,,,,,
real-def-063,亚历山大-阿诺德,DEF,RB,84,B,未登记,未登记俱乐部,,,待审阅,,,,,,,
real-def-064,沃克,DEF,RB,81,B,未登记,未登记俱乐部,,,待审阅,,,,,,,
real-def-065,万德松,DEF,RB,81,B,巴西,摩纳哥,巴西,摩纳哥,待审阅,,,,,,,
real-def-066,坎塞洛,DEF,RB,83,B,未登记,未登记俱乐部,,,待审阅,,,,,,,
real-def-067,里斯·詹姆斯,DEF,RB,79,C,未登记,未登记俱乐部,,,待审阅,,,,,,,
real-def-068,本·怀特,DEF,RB,79,C,未登记,未登记俱乐部,,,待审阅,,,,,,,
real-def-069,达洛特,DEF,RB,77,C,未登记,未登记俱乐部,,,待审阅,,,,,,,
real-def-070,孔德,DEF,RB,81,B,未登记,未登记俱乐部,,,待审阅,,,,,,,
real-def-071,邓弗里斯,DEF,RB,79,C,未登记,未登记俱乐部,,,待审阅,,,,,,,
real-def-072,迪洛伦佐,DEF,RB,78,C,未登记,未登记俱乐部,,,待审阅,,,,,,,
real-def-073,特里皮尔,DEF,RB,78,C,未登记,未登记俱乐部,,,待审阅,,,,,,,
real-def-074,蒂诺·卡迪韦雷,DEF,RB,76,C,津巴布韦,里昂,津巴布韦,里昂,待审阅,,,,,,,
real-def-075,拉姆,DEF,RB,87,A,德国,拜仁慕尼黑,德国,拜仁慕尼黑,待审阅,,,,,,,
real-def-076,卡福,DEF,RB,89,A,巴西,AC米兰,巴西,AC米兰,待审阅,,,,,,,
real-def-077,萨内蒂,DEF,RB,88,A,阿根廷,国际米兰,阿根廷,国际米兰,待审阅,,,,,,,
real-def-078,阿尔维斯,DEF,RB,88,A,巴西,巴塞罗那,巴西,巴塞罗那,待审阅,,,,,,,
real-def-079,麦孔,DEF,RB,85,B,未登记,未登记俱乐部,,,待审阅,,,,,,,
real-def-080,罗伯逊,DEF,LB,81,B,未登记,未登记俱乐部,,,待审阅,,,,,,,
real-def-081,特奥·埃尔南德斯,DEF,LB,83,B,未登记,未登记俱乐部,,,待审阅,,,,,,,
real-def-082,阿方索·戴维斯,DEF,LB,83,B,未登记,未登记俱乐部,,,待审阅,,,,,,,
real-def-083,努诺·门德斯,DEF,LB,81,B,未登记,未登记俱乐部,,,待审阅,,,,,,,
real-def-084,米洛什·科尔克兹,DEF,LB,83,B,匈牙利,利物浦,匈牙利,利物浦,待审阅,,,,,,,
real-def-085,迪马尔科,DEF,LB,81,B,未登记,未登记俱乐部,,,待审阅,,,,,,,
real-def-086,门迪,DEF,LB,78,C,未登记,未登记俱乐部,,,待审阅,,,,,,,
real-def-087,卢克·肖,DEF,LB,78,C,未登记,未登记俱乐部,,,待审阅,,,,,,,
real-def-088,库库雷利亚,DEF,LB,78,C,未登记,未登记俱乐部,,,待审阅,,,,,,,
real-def-089,乌多基,DEF,LB,77,C,未登记,未登记俱乐部,,,待审阅,,,,,,,
real-def-090,米格尔·古铁雷斯,DEF,LB,77,C,未登记,未登记俱乐部,,,待审阅,,,,,,,
real-def-091,卡洛斯·奥古斯托,DEF,LB,76,C,未登记,未登记俱乐部,,,待审阅,,,,,,,
real-def-092,阿什利·科尔,DEF,LB,87,A,英格兰,切尔西,英格兰,切尔西,待审阅,,,,,,,
real-def-093,埃弗拉,DEF,LB,84,B,未登记,未登记俱乐部,,,待审阅,,,,,,,
real-def-094,马塞洛,DEF,LB,88,A,巴西,皇家马德里,巴西,皇家马德里,待审阅,,,,,,,
real-def-095,罗伯特·卡洛斯,DEF,LB,89,A,巴西,皇家马德里,巴西,皇家马德里,待审阅,,,,,,,
real-def-096,阿比达尔,DEF,LB,82,B,未登记,未登记俱乐部,,,待审阅,,,,,,,
real-def-097,赞布罗塔,DEF,LB,84,B,未登记,未登记俱乐部,,,待审阅,,,,,,,
real-def-098,纳耶夫·阿格尔德,DEF,CB,78,C,摩洛哥,马赛,摩洛哥,马赛,待审阅,,,,,,,
real-def-099,德塞利,DEF,CB,87,A,法国,AC米兰,法国,AC米兰,待审阅,,,,,,,
real-def-100,费兰·门迪,DEF,LB,78,C,未登记,未登记俱乐部,,,待审阅,,,,,,,
real-def-101,列维·科尔威尔,DEF,CB,79,C,英格兰,切尔西,英格兰,切尔西,待审阅,,,,,,,
real-def-102,贾拉德·布兰斯韦特,DEF,CB,78,C,英格兰,埃弗顿,英格兰,埃弗顿,待审阅,,,,,,,
real-def-103,奥斯曼·迪奥曼德,DEF,CB,78,C,科特迪瓦,葡萄牙体育,科特迪瓦,葡萄牙体育,待审阅,,,,,,,
real-def-104,托马斯·阿劳霍,DEF,CB,76,C,葡萄牙,本菲卡,葡萄牙,本菲卡,待审阅,,,,,,,
real-def-105,乔治奥·斯卡尔维尼,DEF,CB,78,C,意大利,亚特兰大,意大利,亚特兰大,待审阅,,,,,,,
real-def-106,奥马尔·索莱,DEF,CB,76,C,法国,乌迪内斯,法国,乌迪内斯,待审阅,,,,,,,
real-def-107,凯文·丹索,DEF,CB,78,C,奥地利,托特纳姆热刺,奥地利,托特纳姆热刺,待审阅,,,,,,,
real-def-108,马克西姆·埃斯泰夫,DEF,CB,75,C,法国,伯恩利,法国,伯恩利,待审阅,,,,,,,
real-def-109,康斯坦丁诺斯·库利耶拉基斯,DEF,CB,76,C,希腊,沃尔夫斯堡,希腊,沃尔夫斯堡,待审阅,,,,,,,
real-def-110,雅雷尔·夸安萨,DEF,CB,75,C,英格兰,勒沃库森,英格兰,勒沃库森,待审阅,,,,,,,
real-def-111,米洛斯·科尔克兹,DEF,LB,78,C,匈牙利,利物浦,匈牙利,利物浦,待审阅,,,,,,,
real-def-112,帕特里克·多尔古,DEF,LB,76,C,丹麦,曼联,丹麦,曼联,待审阅,,,,,,,
real-def-113,卢卡·内茨,DEF,LB,75,C,德国,门兴格拉德巴赫,德国,门兴格拉德巴赫,待审阅,,,,,,,
real-def-114,马克西米利安·米特尔施泰特,DEF,LB,76,C,德国,斯图加特,德国,斯图加特,待审阅,,,,,,,
real-def-115,大卫·莫勒·沃尔费,DEF,LB,75,C,挪威,阿尔克马尔,挪威,阿尔克马尔,待审阅,,,,,,,
real-def-116,马洛·古斯托,DEF,RB,77,C,法国,切尔西,法国,切尔西,待审阅,,,,,,,
real-def-117,蒂诺·利夫拉门托,DEF,RB,77,C,英格兰,纽卡斯尔联,英格兰,纽卡斯尔联,待审阅,,,,,,,
real-def-118,扬·库托,DEF,RB,76,C,巴西,多特蒙德,巴西,多特蒙德,待审阅,,,,,,,
real-def-119,韦斯利·弗兰萨,DEF,RB,75,C,巴西,罗马,巴西,罗马,待审阅,,,,,,,
real-def-120,范德森,DEF,RB,77,C,巴西,摩纳哥,巴西,摩纳哥,待审阅,,,,,,,
real-def-121,威尔弗雷德·辛戈,DEF,RB,76,C,科特迪瓦,摩纳哥,科特迪瓦,摩纳哥,待审阅,,,,,,,
real-def-122,乔·斯卡利,DEF,RB,75,C,美国,门兴格拉德巴赫,美国,门兴格拉德巴赫,待审阅,,,,,,,
real-def-123,伊万·弗雷斯内达,DEF,RB,75,C,西班牙,葡萄牙体育,西班牙,葡萄牙体育,待审阅,,,,,,,
real-def-124,阿尔瑙·马丁内斯,DEF,RB,76,C,西班牙,赫罗纳,西班牙,赫罗纳,待审阅,,,,,,,
real-def-125,尤金·蒙茨,DEF,CB,75,C,德国,圣保利,德国,圣保利,待审阅,,,,,,,
real-def-126,利利安·图拉姆,DEF,RB,88,A,法国,传奇球员,法国,,待审阅,,,,,,,
real-def-127,洛朗·布兰科,DEF,CB,87,A,法国,传奇球员,法国,,待审阅,,,,,,,
real-def-128,拉斐尔·瓦拉内,DEF,CB,84,B,法国,传奇球员,法国,,待审阅,,,,,,,
real-def-129,雅普·斯塔姆,DEF,CB,88,A,荷兰,传奇球员,荷兰,,待审阅,,,,,,,
real-def-130,罗纳德·科曼,DEF,CB,88,A,荷兰,传奇球员,荷兰,,待审阅,,,,,,,
real-def-131,费尔南多·耶罗,DEF,CB,87,A,西班牙,传奇球员,西班牙,,待审阅,,,,,,,
real-def-132,加埃塔诺·西雷阿,DEF,CB,89,A,意大利,传奇球员,意大利,,待审阅,,,,,,,
real-def-133,克劳迪奥·詹蒂莱,DEF,CB,86,A,意大利,传奇球员,意大利,,待审阅,,,,,,,
real-def-134,亚历山德罗·科斯塔库塔,DEF,CB,86,A,意大利,传奇球员,意大利,,待审阅,,,,,,,
real-def-135,朱塞佩·贝尔戈米,DEF,RB,87,A,意大利,传奇球员,意大利,,待审阅,,,,,,,
real-def-136,安德烈亚斯·布雷默,DEF,LB,87,A,德国,传奇球员,德国,,待审阅,,,,,,,
real-def-137,卡洛斯·阿尔贝托,DEF,RB,89,A,巴西,传奇球员,巴西,,待审阅,,,,,,,
real-def-138,尼尔顿·桑托斯,DEF,LB,88,A,巴西,传奇球员,巴西,,待审阅,,,,,,,
real-def-139,贾钦托·法切蒂,DEF,LB,88,A,意大利,传奇球员,意大利,,待审阅,,,,,,,
real-def-140,保罗·布莱特纳,DEF,LB,87,A,德国,传奇球员,德国,,待审阅,,,,,,,
real-def-141,丹尼·布林德,DEF,CB,84,B,荷兰,传奇球员,荷兰,,待审阅,,,,,,,
real-def-142,弗兰克·德波尔,DEF,CB,86,A,荷兰,传奇球员,荷兰,,待审阅,,,,,,,
real-def-143,马里奥·耶佩斯,DEF,CB,82,B,哥伦比亚,传奇球员,哥伦比亚,,待审阅,,,,,,,
real-def-144,伊万·科尔多巴,DEF,CB,84,B,哥伦比亚,传奇球员,哥伦比亚,,待审阅,,,,,,,
real-def-145,卡洛斯·加马拉,DEF,CB,84,B,巴拉圭,传奇球员,巴拉圭,,待审阅,,,,,,,
real-def-146,马丁·德米凯利斯,DEF,CB,82,B,阿根廷,传奇球员,阿根廷,,待审阅,,,,,,,
real-def-147,布拉尼斯拉夫·伊万诺维奇,DEF,RB,83,B,塞尔维亚,传奇球员,塞尔维亚,,待审阅,,,,,,,
real-def-148,莱顿·贝恩斯,DEF,LB,82,B,英格兰,传奇球员,英格兰,,待审阅,,,,,,,
real-def-149,巴勃罗·萨巴莱塔,DEF,RB,82,B,阿根廷,传奇球员,阿根廷,,待审阅,,,,,,,
real-def-150,塞萨尔·阿斯皮利奎塔,DEF,RB,82,B,西班牙,传奇球员,西班牙,,待审阅,,,,,,,
real-def-151,保·库巴西,DEF,CB,81,B,西班牙,巴塞罗那,西班牙,巴塞罗那,待审阅,,,,,,,
real-def-152,迪恩·赫伊森,DEF,CB,81,B,西班牙,皇家马德里,西班牙,皇家马德里,待审阅,,,,,,,
real-def-153,皮耶罗·因卡皮耶,DEF,CB,79,C,厄瓜多尔,勒沃库森,厄瓜多尔,勒沃库森,待审阅,,,,,,,
real-def-154,杰里米·弗林蓬,DEF,RB,81,B,荷兰,利物浦,荷兰,利物浦,待审阅,,,,,,,
real-def-155,约雷尔·哈托,DEF,LB,77,C,荷兰,切尔西,荷兰,切尔西,待审阅,,,,,,,
real-def-156,克里斯蒂安·莫斯克拉,DEF,CB,77,C,西班牙,阿森纳,西班牙,阿森纳,待审阅,,,,,,,
real-def-157,里卡多·卡拉菲奥里,DEF,LB,79,C,意大利,阿森纳,意大利,阿森纳,待审阅,,,,,,,
real-def-158,莱尼·约罗,DEF,CB,77,C,法国,曼联,法国,曼联,待审阅,,,,,,,
real-def-159,穆里略·圣地亚哥,DEF,CB,77,C,巴西,诺丁汉森林,巴西,诺丁汉森林,待审阅,,,,,,,
real-def-160,拉扬·艾特-努里,DEF,LB,77,C,阿尔及利亚,曼城,阿尔及利亚,曼城,待审阅,,,,,,,
real-def-161,马克桑斯·拉克鲁瓦,DEF,CB,76,C,法国,水晶宫,法国,水晶宫,待审阅,,,,,,,
real-def-162,特雷沃·查洛巴,DEF,CB,76,C,英格兰,切尔西,英格兰,切尔西,待审阅,,,,,,,
real-def-163,马克·格伊,DEF,CB,79,C,英格兰,水晶宫,英格兰,水晶宫,待审阅,,,,,,,
real-def-164,瓦尔德马·安东,DEF,CB,76,C,德国,多特蒙德,德国,多特蒙德,待审阅,,,,,,,
real-def-165,尼科·施洛特贝克,DEF,CB,81,B,德国,多特蒙德,德国,多特蒙德,待审阅,,,,,,,
real-def-166,戴维·劳姆,DEF,LB,77,C,德国,RB莱比锡,德国,RB莱比锡,待审阅,,,,,,,
real-def-167,亚历杭德罗·格里马尔多,DEF,LB,81,B,西班牙,勒沃库森,西班牙,勒沃库森,待审阅,,,,,,,
real-def-168,若纳唐·塔,DEF,CB,81,B,德国,拜仁慕尼黑,德国,拜仁慕尼黑,待审阅,,,,,,,
real-def-169,卡斯特洛·卢克巴,DEF,CB,77,C,法国,RB莱比锡,法国,RB莱比锡,待审阅,,,,,,,
real-def-170,洛伊克·巴代,DEF,CB,77,C,法国,勒沃库森,法国,勒沃库森,待审阅,,,,,,,
real-def-171,奥迪隆·科苏努,DEF,CB,76,C,科特迪瓦,亚特兰大,科特迪瓦,亚特兰大,待审阅,,,,,,,
real-def-172,萨姆·别克马,DEF,CB,77,C,荷兰,那不勒斯,荷兰,那不勒斯,待审阅,,,,,,,
real-def-173,亚历山德罗·布翁焦尔诺,DEF,CB,79,C,意大利,那不勒斯,意大利,那不勒斯,待审阅,,,,,,,
real-def-174,卢卡斯·贝拉尔多,DEF,CB,75,C,巴西,巴黎圣日耳曼,巴西,巴黎圣日耳曼,待审阅,,,,,,,
real-def-175,威廉·帕乔,DEF,CB,79,C,厄瓜多尔,巴黎圣日耳曼,厄瓜多尔,巴黎圣日耳曼,待审阅,,,,,,,
real-mid-001,罗德里,MID,DM,87,A,西班牙,曼城,西班牙,曼城,待审阅,,,,,,,
real-mid-002,赖斯,MID,DM,83,B,未登记,未登记俱乐部,,,待审阅,,,,,,,
real-mid-003,楚阿梅尼,MID,DM,82,B,未登记,未登记俱乐部,,,待审阅,,,,,,,
real-mid-004,卡塞米罗,MID,DM,82,B,未登记,未登记俱乐部,,,待审阅,,,,,,,
real-mid-005,基米希,MID,DM,83,B,未登记,未登记俱乐部,,,待审阅,,,,,,,
real-mid-006,帕利尼亚,MID,DM,81,B,未登记,未登记俱乐部,,,待审阅,,,,,,,
real-mid-007,吉马良斯,MID,DM,82,B,未登记,未登记俱乐部,,,待审阅,,,,,,,
real-mid-008,凯塞多,MID,DM,81,B,未登记,未登记俱乐部,,,待审阅,,,,,,,
real-mid-009,祖比门迪,MID,DM,81,B,未登记,未登记俱乐部,,,待审阅,,,,,,,
real-mid-010,乌加特,MID,DM,77,C,未登记,未登记俱乐部,,,待审阅,,,,,,,
real-mid-011,拉比奥,MID,DM,79,C,未登记,未登记俱乐部,,,待审阅,,,,,,,
real-mid-012,若昂·内维斯,MID,DM,79,C,未登记,未登记俱乐部,,,待审阅,,,,,,,
real-mid-013,坎特,MID,DM,84,B,未登记,未登记俱乐部,,,待审阅,,,,,,,
real-mid-014,布斯克茨,MID,DM,87,A,西班牙,巴塞罗那,西班牙,巴塞罗那,待审阅,,,,,,,
real-mid-015,安赫尔·戈麦斯,MID,DM,87,A,英格兰,里尔,英格兰,里尔,待审阅,,,,,,,
real-mid-016,维埃拉,MID,DM,88,A,法国,阿森纳,法国,阿森纳,待审阅,,,,,,,
real-mid-017,罗伊·基恩,MID,DM,85,B,爱尔兰,曼联,爱尔兰,曼联,待审阅,,,,,,,
real-mid-018,加图索,MID,DM,82,B,未登记,未登记俱乐部,,,待审阅,,,,,,,
real-mid-019,哈维·阿隆索,MID,DM,85,B,西班牙,皇家马德里,西班牙,皇家马德里,待审阅,,,,,,,
real-mid-020,皮尔洛,MID,DM,88,A,意大利,AC米兰,意大利,AC米兰,待审阅,,,,,,,
real-mid-021,德布劳内,MID,AM,88,A,比利时,那不勒斯,比利时,那不勒斯,待审阅,,,,,,,
real-mid-022,贝林厄姆,MID,AM,87,A,英格兰,皇家马德里,英格兰,皇家马德里,待审阅,,,,,,,
real-mid-023,厄德高,MID,AM,84,B,未登记,未登记俱乐部,,,待审阅,,,,,,,
real-mid-024,穆西亚拉,MID,AM,84,B,未登记,未登记俱乐部,,,待审阅,,,,,,,
real-mid-025,维尔茨,MID,AM,85,B,德国,利物浦,德国,利物浦,待审阅,,,,,,,
real-mid-026,帕尔默,MID,AM,83,B,未登记,未登记俱乐部,,,待审阅,,,,,,,
real-mid-027,布鲁诺·费尔南德斯,MID,AM,83,B,未登记,未登记俱乐部,,,待审阅,,,,,,,
real-mid-028,福登,MID,AM,85,B,英格兰,曼城,英格兰,曼城,待审阅,,,,,,,
real-mid-029,麦卡利斯特,MID,AM,82,B,阿根廷,未登记俱乐部,阿根廷,,待审阅,,,,,,,
real-mid-030,佩德里,MID,AM,83,B,未登记,未登记俱乐部,,,待审阅,,,,,,,
real-mid-031,加维,MID,AM,81,B,未登记,未登记俱乐部,,,待审阅,,,,,,,
real-mid-032,奥尔莫,MID,AM,82,B,未登记,未登记俱乐部,,,待审阅,,,,,,,
real-mid-033,马利克·蒂尔曼,MID,AM,81,B,美国,勒沃库森,美国,勒沃库森,待审阅,,,,,,,
real-mid-034,埃泽,MID,AM,78,C,未登记,未登记俱乐部,,,待审阅,,,,,,,
real-mid-035,麦迪逊,MID,AM,81,B,未登记,未登记俱乐部,,,待审阅,,,,,,,
real-mid-036,萨维尼奥,MID,AM,76,C,未登记,未登记俱乐部,,,待审阅,,,,,,,
real-mid-037,法比奥·维埃拉,MID,AM,78,C,葡萄牙,阿森纳,葡萄牙,阿森纳,待审阅,,,,,,,
real-mid-038,切尔基,MID,AM,76,C,未登记,未登记俱乐部,,,待审阅,,,,,,,
real-mid-039,沃德-普劳斯,MID,AM,76,C,未登记,未登记俱乐部,,,待审阅,,,,,,,
real-mid-040,埃里克森,MID,AM,78,C,未登记,未登记俱乐部,,,待审阅,,,,,,,
real-mid-041,巴尔韦德,MID,RM,84,B,未登记,未登记俱乐部,,,待审阅,,,,,,,
real-mid-042,卡马文加,MID,LM,82,B,未登记,未登记俱乐部,,,待审阅,,,,,,,
real-mid-043,莫德里奇,MID,AM,91,S,克罗地亚,AC米兰,克罗地亚,AC米兰,待审阅,,,,,,,
real-mid-044,克罗斯,MID,DM,92,S,德国,皇家马德里,德国,皇家马德里,待审阅,,,,,,,
real-mid-045,京多安,MID,AM,82,B,未登记,未登记俱乐部,,,待审阅,,,,,,,
real-mid-046,蒂亚戈,MID,AM,83,B,未登记,未登记俱乐部,,,待审阅,,,,,,,
real-mid-047,贝尔纳多·席尔瓦,MID,RM,84,B,未登记,未登记俱乐部,,,待审阅,,,,,,,
real-mid-048,科瓦契奇,MID,AM,81,B,未登记,未登记俱乐部,,,待审阅,,,,,,,
real-mid-049,德容,MID,DM,83,B,未登记,未登记俱乐部,,,待审阅,,,,,,,
real-mid-050,巴雷拉,MID,RM,83,B,未登记,未登记俱乐部,,,待审阅,,,,,,,
real-mid-051,恰尔汗奥卢,MID,DM,82,B,未登记,未登记俱乐部,,,待审阅,,,,,,,
real-mid-052,托纳利,MID,DM,81,B,未登记,未登记俱乐部,,,待审阅,,,,,,,
real-mid-053,洛卡特利,MID,DM,78,C,未登记,未登记俱乐部,,,待审阅,,,,,,,
real-mid-054,弗拉泰西,MID,AM,76,C,未登记,未登记俱乐部,,,待审阅,,,,,,,
real-mid-055,扎卡,MID,DM,81,B,未登记,未登记俱乐部,,,待审阅,,,,,,,
real-mid-056,维蒂尼亚,MID,AM,82,B,未登记,未登记俱乐部,,,待审阅,,,,,,,
real-mid-057,法比安·鲁伊斯,MID,AM,80,B,未登记,未登记俱乐部,,,待审阅,,,,,,,
real-mid-058,优素福·福法纳,MID,DM,78,C,法国,AC米兰,法国,AC米兰,待审阅,,,,,,,
real-mid-059,易卜拉欣·桑加雷,MID,DM,75,C,科特迪瓦,诺丁汉森林,科特迪瓦,诺丁汉森林,待审阅,,,,,,,
real-mid-060,恩佐,MID,AM,80,B,阿根廷,未登记俱乐部,阿根廷,,待审阅,,,,,,,
real-mid-061,帕雷德斯,MID,DM,76,C,阿根廷,未登记俱乐部,阿根廷,,待审阅,,,,,,,
real-mid-062,帕奎塔,MID,AM,80,B,未登记,未登记俱乐部,,,待审阅,,,,,,,
real-mid-063,乔林顿,MID,LM,76,C,未登记,未登记俱乐部,,,待审阅,,,,,,,
real-mid-064,道格拉斯·路易斯,MID,DM,78,C,未登记,未登记俱乐部,,,待审阅,,,,,,,
real-mid-065,蒂勒曼斯,MID,AM,78,C,未登记,未登记俱乐部,,,待审阅,,,,,,,
real-mid-066,格拉文贝赫,MID,DM,78,C,未登记,未登记俱乐部,,,待审阅,,,,,,,
real-mid-067,索博斯洛伊,MID,AM,80,B,未登记,未登记俱乐部,,,待审阅,,,,,,,
real-mid-068,琼斯,MID,AM,75,C,未登记,未登记俱乐部,,,待审阅,,,,,,,
real-mid-069,梅里诺,MID,AM,80,B,未登记,未登记俱乐部,,,待审阅,,,,,,,
real-mid-070,奥亚萨瓦尔,MID,LM,78,C,未登记,未登记俱乐部,,,待审阅,,,,,,,
real-mid-071,哈维,MID,AM,89,A,西班牙,巴塞罗那,西班牙,巴塞罗那,待审阅,,,,,,,
real-mid-072,伊涅斯塔,MID,AM,89,A,西班牙,巴塞罗那,西班牙,巴塞罗那,待审阅,,,,,,,
real-mid-073,齐达内,MID,AM,95,S,法国,皇家马德里,法国,皇家马德里,待审阅,,,,,,,
real-mid-074,卡卡,MID,AM,88,A,巴西,AC米兰,巴西,AC米兰,待审阅,,,,,,,
real-mid-075,罗纳尔迪尼奥,MID,AM,94,S,巴西,巴塞罗那,巴西,巴塞罗那,待审阅,,,,,,,
real-mid-076,里瓦尔多,MID,AM,88,A,巴西,巴塞罗那,巴西,巴塞罗那,待审阅,,,,,,,
real-mid-077,斯科尔斯,MID,AM,86,A,英格兰,曼联,英格兰,曼联,待审阅,,,,,,,
real-mid-078,杰拉德,MID,AM,87,A,英格兰,利物浦,英格兰,利物浦,待审阅,,,,,,,
real-mid-079,兰帕德,MID,AM,86,A,英格兰,切尔西,英格兰,切尔西,待审阅,,,,,,,
real-mid-080,贝克汉姆,MID,RM,91,S,英格兰,曼联,英格兰,曼联,待审阅,,,,,,,
real-mid-081,吉格斯,MID,LM,86,A,威尔士,曼联,威尔士,曼联,待审阅,,,,,,,
real-mid-082,菲戈,MID,RM,88,A,葡萄牙,皇家马德里,葡萄牙,皇家马德里,待审阅,,,,,,,
real-mid-083,内德维德,MID,LM,87,A,捷克,尤文图斯,捷克,尤文图斯,待审阅,,,,,,,
real-mid-084,西多夫,MID,AM,86,A,荷兰,AC米兰,荷兰,AC米兰,待审阅,,,,,,,
real-mid-085,戴维斯,MID,DM,84,B,未登记,未登记俱乐部,,,待审阅,,,,,,,
real-mid-086,里克尔梅,MID,AM,86,A,阿根廷,博卡青年,阿根廷,博卡青年,待审阅,,,,,,,
real-mid-087,艾马尔,MID,AM,84,B,未登记,未登记俱乐部,,,待审阅,,,,,,,
real-mid-088,德科,MID,AM,84,B,未登记,未登记俱乐部,,,待审阅,,,,,,,
real-mid-089,鲁伊·科斯塔,MID,AM,85,B,葡萄牙,AC米兰,葡萄牙,AC米兰,待审阅,,,,,,,
real-mid-090,莱昂·格雷茨卡,MID,AM,85,B,德国,拜仁慕尼黑,德国,拜仁慕尼黑,待审阅,,,,,,,
real-mid-091,马特乌斯,MID,DM,89,A,德国,拜仁慕尼黑,德国,拜仁慕尼黑,待审阅,,,,,,,
real-mid-092,古利特,MID,AM,89,A,荷兰,AC米兰,荷兰,AC米兰,待审阅,,,,,,,
real-mid-093,里杰卡尔德,MID,DM,88,A,荷兰,AC米兰,荷兰,AC米兰,待审阅,,,,,,,
real-mid-094,济科,MID,AM,89,A,巴西,弗拉门戈,巴西,弗拉门戈,待审阅,,,,,,,
real-mid-095,苏格拉底,MID,AM,87,A,巴西,科林蒂安,巴西,科林蒂安,待审阅,,,,,,,
real-mid-096,特恩·库普迈纳斯,MID,AM,88,A,荷兰,尤文图斯,荷兰,尤文图斯,待审阅,,,,,,,
real-mid-097,博格巴,MID,AM,83,B,未登记,未登记俱乐部,,,待审阅,,,,,,,
real-mid-098,亚亚·图雷,MID,DM,86,A,科特迪瓦,曼城,科特迪瓦,曼城,待审阅,,,,,,,
real-mid-099,法布雷加斯,MID,AM,84,B,西班牙,阿森纳,西班牙,阿森纳,待审阅,,,,,,,
real-mid-100,大卫·席尔瓦,MID,AM,85,B,西班牙,曼城,西班牙,曼城,待审阅,,,,,,,
real-mid-101,亚当·沃顿,MID,DM,78,C,英格兰,水晶宫,英格兰,水晶宫,待审阅,,,,,,,
real-mid-102,卡洛斯·巴莱巴,MID,DM,78,C,喀麦隆,布莱顿,喀麦隆,布莱顿,待审阅,,,,,,,
real-mid-103,安杰洛·斯蒂勒,MID,DM,80,B,德国,斯图加特,德国,斯图加特,待审阅,,,,,,,
real-mid-104,阿莱克斯·斯科特,MID,AM,75,C,英格兰,伯恩茅斯,英格兰,伯恩茅斯,待审阅,,,,,,,
real-mid-105,阿奇·格雷,MID,DM,76,C,英格兰,托特纳姆热刺,英格兰,托特纳姆热刺,待审阅,,,,,,,
real-mid-106,卢卡斯·贝里瓦尔,MID,DM,78,C,瑞典,托特纳姆热刺,瑞典,托特纳姆热刺,待审阅,,,,,,,
real-mid-107,沃伦·扎伊尔-埃梅里,MID,DM,82,B,法国,巴黎圣日耳曼,法国,巴黎圣日耳曼,待审阅,,,,,,,
real-mid-108,莫滕·尤尔曼德,MID,DM,81,B,丹麦,葡萄牙体育,丹麦,葡萄牙体育,待审阅,,,,,,,
real-mid-109,雨果·拉尔松,MID,DM,78,C,瑞典,法兰克福,瑞典,法兰克福,待审阅,,,,,,,
real-mid-110,亚历山大·帕夫洛维奇,MID,DM,78,C,德国,拜仁慕尼黑,德国,拜仁慕尼黑,待审阅,,,,,,,
real-mid-111,汤姆·比朔夫,MID,AM,75,C,德国,拜仁慕尼黑,德国,拜仁慕尼黑,待审阅,,,,,,,
real-mid-112,克里斯·里格,MID,AM,75,C,英格兰,桑德兰,英格兰,桑德兰,待审阅,,,,,,,
real-mid-113,弗兰科·马斯坦托诺,MID,AM,78,C,阿根廷,皇家马德里,阿根廷,皇家马德里,待审阅,,,,,,,
real-mid-114,尼科·帕斯,MID,AM,80,B,阿根廷,科莫,阿根廷,科莫,待审阅,,,,,,,
real-mid-115,肯德里·派斯,MID,AM,76,C,厄瓜多尔,斯特拉斯堡,厄瓜多尔,斯特拉斯堡,待审阅,,,,,,,
real-mid-116,克劳迪奥·埃切韦里,MID,AM,76,C,阿根廷,曼城,阿根廷,曼城,待审阅,,,,,,,
real-mid-117,伊桑·恩瓦内里,MID,AM,77,C,英格兰,阿森纳,英格兰,阿森纳,待审阅,,,,,,,
real-mid-118,阿尤布·布阿迪,MID,DM,75,C,法国,里尔,法国,里尔,待审阅,,,,,,,
real-mid-119,塞缪尔·里奇,MID,DM,77,C,意大利,都灵,意大利,都灵,待审阅,,,,,,,
real-mid-120,马蒂亚斯·斯万贝里,MID,RM,75,C,瑞典,沃尔夫斯堡,瑞典,沃尔夫斯堡,待审阅,,,,,,,
real-mid-121,奥斯卡·格洛赫,MID,AM,76,C,以色列,萨尔茨堡红牛,以色列,萨尔茨堡红牛,待审阅,,,,,,,
real-mid-122,安德烈·桑托斯,MID,DM,76,C,巴西,切尔西,巴西,切尔西,待审阅,,,,,,,
real-mid-123,恩佐·米约,MID,AM,76,C,法国,斯图加特,法国,斯图加特,待审阅,,,,,,,
real-mid-124,洛夫罗·马耶尔,MID,AM,77,C,克罗地亚,沃尔夫斯堡,克罗地亚,沃尔夫斯堡,待审阅,,,,,,,
real-mid-125,马丁·巴图里纳,MID,AM,77,C,克罗地亚,科莫,克罗地亚,科莫,待审阅,,,,,,,
real-mid-126,博比·查尔顿,MID,AM,88,A,英格兰,传奇球员,英格兰,,待审阅,,,,,,,
real-mid-127,雷蒙·科帕,MID,AM,88,A,法国,传奇球员,法国,,待审阅,,,,,,,
real-mid-128,迪迪,MID,DM,88,A,巴西,传奇球员,巴西,,待审阅,,,,,,,
real-mid-129,热尔松,MID,DM,87,A,巴西,传奇球员,巴西,,待审阅,,,,,,,
real-mid-130,法尔考,MID,DM,87,A,巴西,传奇球员,巴西,,待审阅,,,,,,,
real-mid-131,通尼尼奥·塞雷佐,MID,DM,84,B,巴西,传奇球员,巴西,,待审阅,,,,,,,
real-mid-132,胡安·塞巴斯蒂安·贝隆,MID,DM,84,B,阿根廷,传奇球员,阿根廷,,待审阅,,,,,,,
real-mid-133,费尔南多·雷东多,MID,DM,87,A,阿根廷,传奇球员,阿根廷,,待审阅,,,,,,,
real-mid-134,迭戈·西蒙尼,MID,DM,83,B,阿根廷,传奇球员,阿根廷,,待审阅,,,,,,,
real-mid-135,何塞普·瓜迪奥拉,MID,DM,83,B,西班牙,传奇球员,西班牙,,待审阅,,,,,,,
real-mid-136,路易斯·苏亚雷斯·米拉蒙特斯,MID,AM,88,A,西班牙,传奇球员,西班牙,,待审阅,,,,,,,
real-mid-137,米歇尔·普拉蒂尼,MID,AM,89,A,法国,传奇球员,法国,,待审阅,,,,,,,
real-mid-138,阿兰·吉雷瑟,MID,AM,84,B,法国,传奇球员,法国,,待审阅,,,,,,,
real-mid-139,让·蒂加纳,MID,DM,84,B,法国,传奇球员,法国,,待审阅,,,,,,,
real-mid-140,米夏埃尔·巴拉克,MID,AM,85,B,德国,传奇球员,德国,,待审阅,,,,,,,
real-mid-141,施特凡·埃芬博格,MID,DM,83,B,德国,传奇球员,德国,,待审阅,,,,,,,
real-mid-142,德扬·斯坦科维奇,MID,DM,83,B,塞尔维亚,传奇球员,塞尔维亚,,待审阅,,,,,,,
real-mid-143,罗伯特·普罗辛内茨基,MID,AM,83,B,克罗地亚,传奇球员,克罗地亚,,待审阅,,,,,,,
real-mid-144,兹沃尼米尔·博班,MID,AM,84,B,克罗地亚,传奇球员,克罗地亚,,待审阅,,,,,,,
real-mid-145,图加伊·克里莫格鲁,MID,DM,82,B,土耳其,传奇球员,土耳其,,待审阅,,,,,,,
real-mid-146,中田英寿,MID,AM,82,B,日本,传奇球员,日本,,待审阅,,,,,,,
real-mid-147,朴智星,MID,RM,82,B,韩国,传奇球员,韩国,,待审阅,,,,,,,
real-mid-148,哈维尔·马斯切拉诺,MID,DM,83,B,阿根廷,传奇球员,阿根廷,,待审阅,,,,,,,
real-mid-149,迈克尔·埃辛,MID,DM,84,B,加纳,传奇球员,加纳,,待审阅,,,,,,,
real-mid-150,克劳德·马克莱莱,MID,DM,87,A,法国,传奇球员,法国,,待审阅,,,,,,,
real-mid-151,德西雷·杜埃,MID,AM,81,B,法国,巴黎圣日耳曼,法国,巴黎圣日耳曼,待审阅,,,,,,,
real-mid-152,埃利奥特·安德森,MID,DM,77,C,英格兰,诺丁汉森林,英格兰,诺丁汉森林,待审阅,,,,,,,
real-mid-153,安杰洛·施蒂勒,MID,DM,80,B,德国,斯图加特,德国,斯图加特,待审阅,,,,,,,
real-mid-154,费利克斯·恩梅查,MID,DM,77,C,德国,多特蒙德,德国,多特蒙德,待审阅,,,,,,,
real-mid-155,费尔明·洛佩斯,MID,AM,79,C,西班牙,巴塞罗那,西班牙,巴塞罗那,待审阅,,,,,,,
real-mid-156,萨穆埃莱·里奇,MID,DM,77,C,意大利,AC米兰,意大利,AC米兰,待审阅,,,,,,,
real-mid-157,马努·科内,MID,DM,77,C,法国,罗马,法国,罗马,待审阅,,,,,,,
real-mid-158,尼科洛·罗韦拉,MID,DM,77,C,意大利,拉齐奥,意大利,拉齐奥,待审阅,,,,,,,
real-mid-159,埃德松·席尔瓦,MID,DM,79,C,巴西,亚特兰大,巴西,亚特兰大,待审阅,,,,,,,
real-mid-160,恩佐·勒费埃,MID,AM,75,C,法国,桑德兰,法国,桑德兰,待审阅,,,,,,,
real-mid-161,罗密欧·拉维亚,MID,DM,76,C,比利时,切尔西,比利时,切尔西,待审阅,,,,,,,
real-mid-162,本杰明·安德烈,MID,DM,77,C,法国,里尔,法国,里尔,待审阅,,,,,,,
real-mid-163,哈维·西蒙斯,MID,AM,81,B,荷兰,托特纳姆热刺,荷兰,托特纳姆热刺,待审阅,,,,,,,
real-mid-164,摩根·吉布斯-怀特,MID,AM,79,C,英格兰,诺丁汉森林,英格兰,诺丁汉森林,待审阅,,,,,,,
real-mid-165,凯夫伦·图拉姆,MID,DM,79,C,法国,尤文图斯,法国,尤文图斯,待审阅,,,,,,,
real-mid-166,蒂贾尼·赖因德斯,MID,AM,81,B,荷兰,曼城,荷兰,曼城,待审阅,,,,,,,
real-mid-167,马丁·苏比门迪,MID,DM,81,B,西班牙,阿森纳,西班牙,阿森纳,待审阅,,,,,,,
real-mid-168,亚历克斯·巴埃纳,MID,AM,79,C,西班牙,马德里竞技,西班牙,马德里竞技,待审阅,,,,,,,
real-mid-169,科比·梅努,MID,DM,77,C,英格兰,曼联,英格兰,曼联,待审阅,,,,,,,
real-mid-170,拉扬·谢尔基,MID,AM,81,B,法国,曼城,法国,曼城,待审阅,,,,,,,
real-mid-171,阿图尔·费尔梅伦,MID,DM,76,C,比利时,马赛,比利时,马赛,待审阅,,,,,,,
real-mid-172,拉明·卡马拉,MID,DM,76,C,塞内加尔,摩纳哥,塞内加尔,摩纳哥,待审阅,,,,,,,
real-mid-173,安德雷·桑托斯,MID,DM,77,C,巴西,切尔西,巴西,切尔西,待审阅,,,,,,,
real-mid-174,巴勃罗·巴里奥斯,MID,DM,79,C,西班牙,马德里竞技,西班牙,马德里竞技,待审阅,,,,,,,
real-mid-175,马克·卡萨多,MID,DM,77,C,西班牙,巴塞罗那,西班牙,巴塞罗那,待审阅,,,,,,,
real-att-001,姆巴佩,ATT,ST,93,S,法国,皇家马德里,法国,皇家马德里,待审阅,,,,,,,
real-att-002,哈兰德,ATT,ST,92,S,挪威,曼城,挪威,曼城,待审阅,,,,,,,
real-att-003,维尼修斯,ATT,LW,87,A,巴西,皇家马德里,巴西,皇家马德里,待审阅,,,,,,,
real-att-004,萨拉赫,ATT,RW,85,B,埃及,利物浦,埃及,利物浦,待审阅,,,,,,,
real-att-005,凯恩,ATT,ST,85,B,英格兰,拜仁慕尼黑,英格兰,拜仁慕尼黑,待审阅,,,,,,,
real-att-006,劳塔罗,ATT,ST,84,B,未登记,未登记俱乐部,,,待审阅,,,,,,,
real-att-007,莱万多夫斯基,ATT,ST,84,B,波兰,巴塞罗那,波兰,巴塞罗那,待审阅,,,,,,,
real-att-008,奥斯梅恩,ATT,ST,84,B,未登记,未登记俱乐部,,,待审阅,,,,,,,
real-att-009,格列兹曼,ATT,ST,84,B,未登记,未登记俱乐部,,,待审阅,,,,,,,
real-att-010,萨卡,ATT,RW,84,B,未登记,未登记俱乐部,,,待审阅,,,,,,,
real-att-011,马蒂亚斯·苏莱,ATT,RW,84,B,阿根廷,罗马,阿根廷,罗马,待审阅,,,,,,,
real-att-012,罗德里戈,ATT,RW,83,B,未登记,未登记俱乐部,,,待审阅,,,,,,,
real-att-013,克瓦拉茨赫利亚,ATT,LW,84,B,未登记,未登记俱乐部,,,待审阅,,,,,,,
real-att-014,登贝莱,ATT,RW,83,B,未登记,未登记俱乐部,,,待审阅,,,,,,,
real-att-015,拉菲尼亚,ATT,RW,83,B,未登记,未登记俱乐部,,,待审阅,,,,,,,
real-att-016,路易斯·迪亚斯,ATT,LW,83,B,未登记,未登记俱乐部,,,待审阅,,,,,,,
real-att-017,加克波,ATT,LW,82,B,未登记,未登记俱乐部,,,待审阅,,,,,,,
real-att-018,努涅斯,ATT,ST,80,B,未登记,未登记俱乐部,,,待审阅,,,,,,,
real-att-019,若塔,ATT,ST,82,B,未登记,未登记俱乐部,,,待审阅,,,,,,,
real-att-020,迪亚比,ATT,RW,80,B,未登记,未登记俱乐部,,,待审阅,,,,,,,
real-att-021,马丁内利,ATT,LW,82,B,未登记,未登记俱乐部,,,待审阅,,,,,,,
real-att-022,热苏斯,ATT,ST,80,B,未登记,未登记俱乐部,,,待审阅,,,,,,,
real-att-023,哈弗茨,ATT,ST,82,B,未登记,未登记俱乐部,,,待审阅,,,,,,,
real-att-024,特罗萨德,ATT,LW,80,B,未登记,未登记俱乐部,,,待审阅,,,,,,,
real-att-025,孙兴慜,ATT,LW,84,B,未登记,未登记俱乐部,,,待审阅,,,,,,,
real-att-026,理查利森,ATT,ST,77,C,未登记,未登记俱乐部,,,待审阅,,,,,,,
real-att-027,库卢塞夫斯基,ATT,RW,79,C,未登记,未登记俱乐部,,,待审阅,,,,,,,
real-att-028,伊萨克,ATT,ST,83,B,未登记,未登记俱乐部,,,待审阅,,,,,,,
real-att-029,戈登,ATT,LW,79,C,未登记,未登记俱乐部,,,待审阅,,,,,,,
real-att-030,沃特金斯,ATT,ST,83,B,未登记,未登记俱乐部,,,待审阅,,,,,,,
real-att-031,鲍文,ATT,RW,82,B,未登记,未登记俱乐部,,,待审阅,,,,,,,
real-att-032,托尼,ATT,ST,82,B,未登记,未登记俱乐部,,,待审阅,,,,,,,
real-att-033,索兰克,ATT,ST,79,C,未登记,未登记俱乐部,,,待审阅,,,,,,,
real-att-034,埃利耶·瓦希,ATT,LW,76,C,法国,法兰克福,法国,法兰克福,待审阅,,,,,,,
real-att-035,加纳乔,ATT,LW,77,C,阿根廷,未登记俱乐部,阿根廷,,待审阅,,,,,,,
real-att-036,拉什福德,ATT,LW,79,C,未登记,未登记俱乐部,,,待审阅,,,,,,,
real-att-037,齐尔克泽,ATT,ST,75,C,未登记,未登记俱乐部,,,待审阅,,,,,,,
real-att-038,阿尔瓦雷斯,ATT,ST,83,B,阿根廷,未登记俱乐部,阿根廷,,待审阅,,,,,,,
real-att-039,菲利克斯,ATT,ST,82,B,未登记,未登记俱乐部,,,待审阅,,,,,,,
real-att-040,莫拉塔,ATT,ST,79,C,未登记,未登记俱乐部,,,待审阅,,,,,,,
real-att-041,尼科·威廉姆斯,ATT,LW,83,B,未登记,未登记俱乐部,,,待审阅,,,,,,,
real-att-042,姆贝乌莫,ATT,RW,79,C,未登记,未登记俱乐部,,,待审阅,,,,,,,
real-att-043,久保建英,ATT,RW,81,B,未登记,未登记俱乐部,,,待审阅,,,,,,,
real-att-044,多夫比克,ATT,ST,79,C,未登记,未登记俱乐部,,,待审阅,,,,,,,
real-att-045,索尔洛特,ATT,ST,79,C,未登记,未登记俱乐部,,,待审阅,,,,,,,
real-att-046,恩德里克,ATT,ST,76,C,未登记,未登记俱乐部,,,待审阅,,,,,,,
real-att-047,吉拉西,ATT,ST,81,B,未登记,未登记俱乐部,,,待审阅,,,,,,,
real-att-048,奥蓬达,ATT,ST,81,B,未登记,未登记俱乐部,,,待审阅,,,,,,,
real-att-049,博尼费斯,ATT,ST,81,B,未登记,未登记俱乐部,,,待审阅,,,,,,,
real-att-050,马尔穆什,ATT,LW,81,B,未登记,未登记俱乐部,,,待审阅,,,,,,,
real-att-051,萨内,ATT,RW,83,B,未登记,未登记俱乐部,,,待审阅,,,,,,,
real-att-052,科曼,ATT,LW,81,B,未登记,未登记俱乐部,,,待审阅,,,,,,,
real-att-053,格纳布里,ATT,RW,78,C,未登记,未登记俱乐部,,,待审阅,,,,,,,
real-att-054,奥利塞,ATT,RW,83,B,未登记,未登记俱乐部,,,待审阅,,,,,,,
real-att-055,阿德耶米,ATT,LW,77,C,未登记,未登记俱乐部,,,待审阅,,,,,,,
real-att-056,马伦,ATT,RW,77,C,未登记,未登记俱乐部,,,待审阅,,,,,,,
real-att-057,堂安律,ATT,RW,77,C,未登记,未登记俱乐部,,,待审阅,,,,,,,
real-att-058,小图拉姆,ATT,ST,83,B,未登记,未登记俱乐部,,,待审阅,,,,,,,
real-att-059,弗拉霍维奇,ATT,ST,81,B,未登记,未登记俱乐部,,,待审阅,,,,,,,
real-att-060,卢卡库,ATT,ST,83,B,未登记,未登记俱乐部,,,待审阅,,,,,,,
real-att-061,莱奥,ATT,LW,83,B,未登记,未登记俱乐部,,,待审阅,,,,,,,
real-att-062,普利西奇,ATT,RW,81,B,未登记,未登记俱乐部,,,待审阅,,,,,,,
real-att-063,基耶萨,ATT,RW,81,B,未登记,未登记俱乐部,,,待审阅,,,,,,,
real-att-064,迪巴拉,ATT,ST,83,B,阿根廷,未登记俱乐部,阿根廷,,待审阅,,,,,,,
real-att-065,因莫比莱,ATT,ST,78,C,未登记,未登记俱乐部,,,待审阅,,,,,,,
real-att-066,卢克曼,ATT,LW,82,B,未登记,未登记俱乐部,,,待审阅,,,,,,,
real-att-067,贝拉尔迪,ATT,RW,78,C,未登记,未登记俱乐部,,,待审阅,,,,,,,
real-att-068,穆阿尼,ATT,ST,78,C,未登记,未登记俱乐部,,,待审阅,,,,,,,
real-att-069,巴尔科拉,ATT,LW,78,C,未登记,未登记俱乐部,,,待审阅,,,,,,,
real-att-070,贡萨洛·拉莫斯,ATT,ST,77,C,未登记,未登记俱乐部,,,待审阅,,,,,,,
real-att-071,戴维,ATT,ST,78,C,未登记,未登记俱乐部,,,待审阅,,,,,,,
real-att-072,拉卡泽特,ATT,ST,78,C,未登记,未登记俱乐部,,,待审阅,,,,,,,
real-att-073,本耶德尔,ATT,ST,76,C,未登记,未登记俱乐部,,,待审阅,,,,,,,
real-att-074,C罗,ATT,ST,94,S,葡萄牙,利雅得胜利,葡萄牙,利雅得胜利,待审阅,,,,,,,
real-att-075,梅西,ATT,RW,96,S,阿根廷,迈阿密国际,阿根廷,迈阿密国际,待审阅,,,,,,,
real-att-076,内马尔,ATT,LW,88,A,巴西,桑托斯,巴西,桑托斯,待审阅,,,,,,,
real-att-077,苏亚雷斯,ATT,ST,87,A,乌拉圭,迈阿密国际,乌拉圭,迈阿密国际,待审阅,,,,,,,
real-att-078,本泽马,ATT,ST,87,A,法国,吉达联合,法国,吉达联合,待审阅,,,,,,,
real-att-079,贝尔,ATT,RW,85,B,威尔士,皇家马德里,威尔士,皇家马德里,待审阅,,,,,,,
real-att-080,阿扎尔,ATT,LW,85,B,比利时,切尔西,比利时,切尔西,待审阅,,,,,,,
real-att-081,里贝里,ATT,LW,85,B,法国,拜仁慕尼黑,法国,拜仁慕尼黑,待审阅,,,,,,,
real-att-082,罗本,ATT,RW,87,A,荷兰,拜仁慕尼黑,荷兰,拜仁慕尼黑,待审阅,,,,,,,
real-att-083,伊布拉希莫维奇,ATT,ST,85,B,瑞典,巴黎圣日耳曼,瑞典,巴黎圣日耳曼,待审阅,,,,,,,
real-att-084,阿圭罗,ATT,ST,87,A,阿根廷,曼城,阿根廷,曼城,待审阅,,,,,,,
real-att-085,鲁尼,ATT,ST,87,A,英格兰,曼联,英格兰,曼联,待审阅,,,,,,,
real-att-086,亨利,ATT,ST,88,A,法国,阿森纳,法国,阿森纳,待审阅,,,,,,,
real-att-087,博格坎普,ATT,ST,87,A,荷兰,阿森纳,荷兰,阿森纳,待审阅,,,,,,,
real-att-088,德罗巴,ATT,ST,85,B,科特迪瓦,切尔西,科特迪瓦,切尔西,待审阅,,,,,,,
real-att-089,托雷斯,ATT,ST,84,B,西班牙,利物浦,西班牙,利物浦,待审阅,,,,,,,
real-att-090,埃托奥,ATT,ST,87,A,喀麦隆,巴塞罗那,喀麦隆,巴塞罗那,待审阅,,,,,,,
real-att-091,大罗,ATT,ST,96,S,巴西,国际米兰,巴西,国际米兰,待审阅,,,,,,,
real-att-092,罗马里奥,ATT,ST,88,A,巴西,瓦斯科达伽马,巴西,瓦斯科达伽马,待审阅,,,,,,,
real-att-093,巴蒂斯图塔,ATT,ST,86,A,阿根廷,佛罗伦萨,阿根廷,佛罗伦萨,待审阅,,,,,,,
real-att-094,舍甫琴科,ATT,ST,86,A,乌克兰,AC米兰,乌克兰,AC米兰,待审阅,,,,,,,
real-att-095,范巴斯滕,ATT,ST,89,A,荷兰,AC米兰,荷兰,AC米兰,待审阅,,,,,,,
real-att-096,克鲁伊夫,ATT,ST,89,A,荷兰,阿贾克斯,荷兰,阿贾克斯,待审阅,,,,,,,
real-att-097,马拉多纳,ATT,ST,97,S,阿根廷,那不勒斯,阿根廷,那不勒斯,待审阅,,,,,,,
real-att-098,贝利,ATT,ST,97,S,巴西,桑托斯,巴西,桑托斯,待审阅,,,,,,,
real-att-099,加林查,ATT,RW,89,A,巴西,博塔弗戈,巴西,博塔弗戈,待审阅,,,,,,,
real-att-100,尤西比奥,ATT,ST,88,A,葡萄牙,本菲卡,葡萄牙,本菲卡,待审阅,,,,,,,
real-att-101,本杰明·谢什科,ATT,ST,82,B,斯洛文尼亚,曼联,斯洛文尼亚,曼联,待审阅,,,,,,,
real-att-102,雨果·埃基蒂克,ATT,ST,81,B,法国,利物浦,法国,利物浦,待审阅,,,,,,,
real-att-103,尼克·沃尔特马德,ATT,ST,76,C,德国,斯图加特,德国,斯图加特,待审阅,,,,,,,
real-att-104,萨穆·阿格霍瓦,ATT,ST,78,C,西班牙,波尔图,西班牙,波尔图,待审阅,,,,,,,
real-att-105,埃万·弗格森,ATT,ST,76,C,爱尔兰,罗马,爱尔兰,罗马,待审阅,,,,,,,
real-att-106,乔纳森·戴维,ATT,ST,82,B,加拿大,尤文图斯,加拿大,尤文图斯,待审阅,,,,,,,
real-att-107,圣地亚哥·希门尼斯,ATT,ST,81,B,墨西哥,AC米兰,墨西哥,AC米兰,待审阅,,,,,,,
real-att-108,利亚姆·德拉普,ATT,ST,78,C,英格兰,切尔西,英格兰,切尔西,待审阅,,,,,,,
real-att-109,康拉德·哈德,ATT,ST,75,C,丹麦,葡萄牙体育,丹麦,葡萄牙体育,待审阅,,,,,,,
real-att-110,伊戈尔·蒂亚戈,ATT,ST,76,C,巴西,布伦特福德,巴西,布伦特福德,待审阅,,,,,,,
real-att-111,杰米·拜诺-吉滕斯,ATT,LW,78,C,英格兰,切尔西,英格兰,切尔西,待审阅,,,,,,,
real-att-112,安东尼奥·努萨,ATT,LW,78,C,挪威,RB莱比锡,挪威,RB莱比锡,待审阅,,,,,,,
real-att-113,马利克·福法纳,ATT,LW,76,C,比利时,里昂,比利时,里昂,待审阅,,,,,,,
real-att-114,克里斯托斯·佐利斯,ATT,LW,76,C,希腊,布鲁日,希腊,布鲁日,待审阅,,,,,,,
real-att-115,朱利安·杜兰维尔,ATT,LW,75,C,比利时,多特蒙德,比利时,多特蒙德,待审阅,,,,,,,
real-att-116,罗杰·费尔南德斯,ATT,LW,75,C,葡萄牙,布拉加,葡萄牙,布拉加,待审阅,,,,,,,
real-att-117,奥斯卡·鲍勃,ATT,RW,76,C,挪威,曼城,挪威,曼城,待审阅,,,,,,,
real-att-118,扬库巴·明特,ATT,RW,76,C,冈比亚,布莱顿,冈比亚,布莱顿,待审阅,,,,,,,
real-att-119,约翰·巴卡约科,ATT,RW,78,C,比利时,RB莱比锡,比利时,RB莱比锡,待审阅,,,,,,,
real-att-120,鲁尼·巴尔德吉,ATT,RW,75,C,瑞典,巴塞罗那,瑞典,巴塞罗那,待审阅,,,,,,,
real-att-121,埃斯特旺,ATT,RW,81,B,巴西,切尔西,巴西,切尔西,待审阅,,,,,,,
real-att-122,乔瓦尼·昆达,ATT,RW,78,C,葡萄牙,葡萄牙体育,葡萄牙,葡萄牙体育,待审阅,,,,,,,
real-att-123,弗朗西斯科·孔塞桑,ATT,RW,81,B,葡萄牙,尤文图斯,葡萄牙,尤文图斯,待审阅,,,,,,,
real-att-124,阿卜杜勒卡迪尔·厄米尔,ATT,RW,75,C,土耳其,诺维奇,土耳其,诺维奇,待审阅,,,,,,,
real-att-125,马格内斯·阿克利乌什,ATT,RW,81,B,法国,摩纳哥,法国,摩纳哥,待审阅,,,,,,,
real-att-126,费伦茨·普斯卡什,ATT,ST,89,A,匈牙利,传奇球员,匈牙利,,待审阅,,,,,,,
real-att-127,阿尔弗雷多·迪斯蒂法诺,ATT,ST,89,A,阿根廷,传奇球员,阿根廷,,待审阅,,,,,,,
real-att-128,盖德·穆勒,ATT,ST,89,A,德国,传奇球员,德国,,待审阅,,,,,,,
real-att-129,罗伯托·巴乔,ATT,ST,88,A,意大利,传奇球员,意大利,,待审阅,,,,,,,
real-att-130,亚历山德罗·德尔·皮耶罗,ATT,ST,88,A,意大利,传奇球员,意大利,,待审阅,,,,,,,
real-att-131,弗朗切斯科·托蒂,ATT,ST,88,A,意大利,传奇球员,意大利,,待审阅,,,,,,,
real-att-132,乔治·维阿,ATT,ST,88,A,利比里亚,传奇球员,利比里亚,,待审阅,,,,,,,
real-att-133,米罗斯拉夫·克洛泽,ATT,ST,85,B,德国,传奇球员,德国,,待审阅,,,,,,,
real-att-134,大卫·比利亚,ATT,ST,86,A,西班牙,传奇球员,西班牙,,待审阅,,,,,,,
real-att-135,劳尔·冈萨雷斯,ATT,ST,88,A,西班牙,传奇球员,西班牙,,待审阅,,,,,,,
real-att-136,雨果·桑切斯,ATT,ST,88,A,墨西哥,传奇球员,墨西哥,,待审阅,,,,,,,
real-att-137,肯佩斯,ATT,ST,88,A,阿根廷,传奇球员,阿根廷,,待审阅,,,,,,,
real-att-138,保罗·罗西,ATT,ST,86,A,意大利,传奇球员,意大利,,待审阅,,,,,,,
real-att-139,奥马尔·西沃里,ATT,ST,87,A,阿根廷,传奇球员,阿根廷,,待审阅,,,,,,,
real-att-140,丹尼斯·劳,ATT,ST,86,A,苏格兰,传奇球员,苏格兰,,待审阅,,,,,,,
real-att-141,乔治·贝斯特,ATT,RW,88,A,北爱尔兰,传奇球员,北爱尔兰,,待审阅,,,,,,,
real-att-142,斯坦利·马修斯,ATT,RW,87,A,英格兰,传奇球员,英格兰,,待审阅,,,,,,,
real-att-143,托斯唐,ATT,ST,86,A,巴西,传奇球员,巴西,,待审阅,,,,,,,
real-att-144,雅伊济尼奥,ATT,RW,87,A,巴西,传奇球员,巴西,,待审阅,,,,,,,
real-att-145,里奥内尔·斯卡洛尼,ATT,RW,81,B,阿根廷,传奇球员,阿根廷,,待审阅,,,,,,,
real-att-146,克劳迪奥·卡尼吉亚,ATT,ST,84,B,阿根廷,传奇球员,阿根廷,,待审阅,,,,,,,
real-att-147,恩佐·弗朗西斯科利,ATT,ST,84,B,乌拉圭,传奇球员,乌拉圭,,待审阅,,,,,,,
real-att-148,迭戈·弗兰,ATT,ST,84,B,乌拉圭,传奇球员,乌拉圭,,待审阅,,,,,,,
real-att-149,马塞洛·萨拉斯,ATT,ST,84,B,智利,传奇球员,智利,,待审阅,,,,,,,
real-att-150,伊万·萨莫拉诺,ATT,ST,84,B,智利,传奇球员,智利,,待审阅,,,,,,,
real-att-151,维克托·哲凯赖什,ATT,ST,83,B,瑞典,阿森纳,瑞典,阿森纳,待审阅,,,,,,,
real-att-152,约安·维萨,ATT,ST,78,C,刚果民主共和国,纽卡斯尔联,刚果民主共和国,纽卡斯尔联,待审阅,,,,,,,
real-att-153,布赖恩·姆伯莫,ATT,RW,82,B,喀麦隆,曼联,喀麦隆,曼联,待审阅,,,,,,,
real-att-154,马特乌斯·库尼亚,ATT,ST,80,B,巴西,曼联,巴西,曼联,待审阅,,,,,,,
real-att-155,安东尼·埃兰加,ATT,LW,77,C,瑞典,纽卡斯尔联,瑞典,纽卡斯尔联,待审阅,,,,,,,
real-att-156,穆罕默德·库杜斯,ATT,RW,77,C,加纳,托特纳姆热刺,加纳,托特纳姆热刺,待审阅,,,,,,,
real-att-157,诺尼·马杜埃凯,ATT,RW,77,C,英格兰,阿森纳,英格兰,阿森纳,待审阅,,,,,,,
real-att-158,埃贝雷奇·埃泽,ATT,LW,80,B,英格兰,阿森纳,英格兰,阿森纳,待审阅,,,,,,,
real-att-159,约纳坦·布卡特,ATT,ST,77,C,德国,法兰克福,德国,法兰克福,待审阅,,,,,,,
real-att-160,德尼兹·翁达夫,ATT,ST,76,C,德国,斯图加特,德国,斯图加特,待审阅,,,,,,,
real-att-161,维克托·博尼费斯,ATT,ST,77,C,尼日利亚,勒沃库森,尼日利亚,勒沃库森,待审阅,,,,,,,
real-att-162,凯南·伊尔迪兹,ATT,LW,82,B,土耳其,尤文图斯,土耳其,尤文图斯,待审阅,,,,,,,
real-att-163,阿德莫拉·卢克曼,ATT,LW,82,B,尼日利亚,亚特兰大,尼日利亚,亚特兰大,待审阅,,,,,,,
real-att-164,拉斯穆斯·霍伊伦,ATT,ST,76,C,丹麦,那不勒斯,丹麦,那不勒斯,待审阅,,,,,,,
real-att-165,莫伊塞·基恩,ATT,ST,80,B,意大利,佛罗伦萨,意大利,佛罗伦萨,待审阅,,,,,,,
real-att-166,安热-约安·邦尼,ATT,ST,75,C,法国,国际米兰,法国,国际米兰,待审阅,,,,,,,
real-att-167,弗朗切斯科·皮奥·埃斯波西托,ATT,ST,75,C,意大利,国际米兰,意大利,国际米兰,待审阅,,,,,,,
real-att-168,安特·布迪米尔,ATT,ST,77,C,克罗地亚,奥萨苏纳,克罗地亚,奥萨苏纳,待审阅,,,,,,,
real-att-169,阿约塞·佩雷斯,ATT,ST,76,C,西班牙,比利亚雷亚尔,西班牙,比利亚雷亚尔,待审阅,,,,,,,
real-att-170,乔治·米卡乌塔泽,ATT,ST,77,C,格鲁吉亚,比利亚雷亚尔,格鲁吉亚,比利亚雷亚尔,待审阅,,,,,,,
real-att-171,梅森·格林伍德,ATT,RW,80,B,英格兰,马赛,英格兰,马赛,待审阅,,,,,,,
real-att-172,伊戈尔·派尚,ATT,LW,77,C,巴西,马赛,巴西,马赛,待审阅,,,,,,,
real-att-173,伊曼纽尔·埃梅加,ATT,ST,76,C,荷兰,斯特拉斯堡,荷兰,斯特拉斯堡,待审阅,,,,,,,
real-att-174,布拉德利·巴尔科拉,ATT,LW,82,B,法国,巴黎圣日耳曼,法国,巴黎圣日耳曼,待审阅,,,,,,,
real-att-175,拉明·亚马尔,ATT,RW,84,B,西班牙,巴塞罗那,西班牙,巴塞罗那,待审阅,,,,,,,
